GEO_id,GEO_id2,GEO_display_label,HC01_VC03,HC02_VC03,HC03_VC03,HC04_VC03,HC01_VC04,HC02_VC04,HC03_VC04,HC04_VC04,HC01_VC05,HC02_VC05,HC03_VC05,HC04_VC05,HC01_VC08,HC02_VC08,HC03_VC08,HC04_VC08,HC01_VC09,HC02_VC09,HC03_VC09,HC04_VC09,HC01_VC10,HC02_VC10,HC03_VC10,HC04_VC10,HC01_VC11,HC02_VC11,HC03_VC11,HC04_VC11,HC01_VC12,HC02_VC12,HC03_VC12,HC04_VC12,HC01_VC13,HC02_VC13,HC03_VC13,HC04_VC13,HC01_VC14,HC02_VC14,HC03_VC14,HC04_VC14,HC01_VC15,HC02_VC15,HC03_VC15,HC04_VC15,HC01_VC16,HC02_VC16,HC03_VC16,HC04_VC16,HC01_VC17,HC02_VC17,HC03_VC17,HC04_VC17,HC01_VC18,HC02_VC18,HC03_VC18,HC04_VC18,HC01_VC19,HC02_VC19,HC03_VC19,HC04_VC19,HC01_VC20,HC02_VC20,HC03_VC20,HC04_VC20,HC01_VC23,HC02_VC23,HC03_VC23,HC04_VC23,HC01_VC26,HC02_VC26,HC03_VC26,HC04_VC26,HC01_VC27,HC02_VC27,HC03_VC27,HC04_VC27,HC01_VC28,HC02_VC28,HC03_VC28,HC04_VC28,HC01_VC29,HC02_VC29,HC03_VC29,HC04_VC29,HC01_VC32,HC02_VC32,HC03_VC32,HC04_VC32,HC01_VC33,HC02_VC33,HC03_VC33,HC04_VC33,HC01_VC34,HC02_VC34,HC03_VC34,HC04_VC34,HC01_VC37,HC02_VC37,HC03_VC37,HC04_VC37,HC01_VC38,HC02_VC38,HC03_VC38,HC04_VC38,HC01_VC39,HC02_VC39,HC03_VC39,HC04_VC39,HC01_VC43,HC02_VC43,HC03_VC43,HC04_VC43,HC01_VC44,HC02_VC44,HC03_VC44,HC04_VC44,HC01_VC45,HC02_VC45,HC03_VC45,HC04_VC45,HC01_VC48,HC02_VC48,HC03_VC48,HC04_VC48,HC01_VC49,HC02_VC49,HC03_VC49,HC04_VC49,HC01_VC50,HC02_VC50,HC03_VC50,HC04_VC50,HC01_VC51,HC02_VC51,HC03_VC51,HC04_VC51,HC01_VC52,HC02_VC52,HC03_VC52,HC04_VC52,HC01_VC53,HC02_VC53,HC03_VC53,HC04_VC53,HC01_VC54,HC02_VC54,HC03_VC54,HC04_VC54,HC01_VC55,HC02_VC55,HC03_VC55,HC04_VC55,HC01_VC56,HC02_VC56,HC03_VC56,HC04_VC56,HC01_VC57,HC02_VC57,HC03_VC57,HC04_VC57,HC01_VC58,HC02_VC58,HC03_VC58,HC04_VC58,HC01_VC59,HC02_VC59,HC03_VC59,HC04_VC59,HC01_VC60,HC02_VC60,HC03_VC60,HC04_VC60,HC01_VC61,HC02_VC61,HC03_VC61,HC04_VC61,HC01_VC62,HC02_VC62,HC03_VC62,HC04_VC62,HC01_VC63,HC02_VC63,HC03_VC63,HC04_VC63,HC01_VC64,HC02_VC64,HC03_VC64,HC04_VC64,HC01_VC65,HC02_VC65,HC03_VC65,HC04_VC65,HC01_VC66,HC02_VC66,HC03_VC66,HC04_VC66,HC01_VC67,HC02_VC67,HC03_VC67,HC04_VC67,HC01_VC68,HC02_VC68,HC03_VC68,HC04_VC68,HC01_VC69,HC02_VC69,HC03_VC69,HC04_VC69,HC01_VC70,HC02_VC70,HC03_VC70,HC04_VC70,HC01_VC71,HC02_VC71,HC03_VC71,HC04_VC71,HC01_VC72,HC02_VC72,HC03_VC72,HC04_VC72,HC01_VC73,HC02_VC73,HC03_VC73,HC04_VC73,HC01_VC74,HC02_VC74,HC03_VC74,HC04_VC74,HC01_VC77,HC02_VC77,HC03_VC77,HC04_VC77,HC01_VC78,HC02_VC78,HC03_VC78,HC04_VC78,HC01_VC79,HC02_VC79,HC03_VC79,HC04_VC79,HC01_VC80,HC02_VC80,HC03_VC80,HC04_VC80,HC01_VC81,HC02_VC81,HC03_VC81,HC04_VC81,HC01_VC82,HC02_VC82,HC03_VC82,HC04_VC82,HC01_VC83,HC02_VC83,HC03_VC83,HC04_VC83,HC01_VC87,HC02_VC87,HC03_VC87,HC04_VC87,HC01_VC88,HC02_VC88,HC03_VC88,HC04_VC88,HC01_VC89,HC02_VC89,HC03_VC89,HC04_VC89,HC01_VC90,HC02_VC90,HC03_VC90,HC04_VC90,HC01_VC91,HC02_VC91,HC03_VC91,HC04_VC91,HC01_VC92,HC02_VC92,HC03_VC92,HC04_VC92,HC01_VC93,HC02_VC93,HC03_VC93,HC04_VC93,HC01_VC94,HC02_VC94,HC03_VC94,HC04_VC94,HC01_VC95,HC02_VC95,HC03_VC95,HC04_VC95,HC01_VC96,HC02_VC96,HC03_VC96,HC04_VC96,HC01_VC97,HC02_VC97,HC03_VC97,HC04_VC97,HC01_VC98,HC02_VC98,HC03_VC98,HC04_VC98,HC01_VC99,HC02_VC99,HC03_VC99,HC04_VC99,HC01_VC100,HC02_VC100,HC03_VC100,HC04_VC100,HC01_VC101,HC02_VC101,HC03_VC101,HC04_VC101,HC01_VC102,HC02_VC102,HC03_VC102,HC04_VC102,HC01_VC104,HC02_VC104,HC03_VC104,HC04_VC104
Id,Id2,Geography,Estimate; SEX AND AGE - Total population,Margin of Error; SEX AND AGE - Total population,Percent; SEX AND AGE - Total population,Percent Margin of Error; SEX AND AGE - Total population,Estimate; SEX AND AGE - Total population - Male,Margin of Error; SEX AND AGE - Total population - Male,Percent; SEX AND AGE - Total population - Male,Percent Margin of Error; SEX AND AGE - Total population - Male,Estimate; SEX AND AGE - Total population - Female,Margin of Error; SEX AND AGE - Total population - Female,Percent; SEX AND AGE - Total population - Female,Percent Margin of Error; SEX AND AGE - Total population - Female,Estimate; SEX AND AGE - Under 5 years,Margin of Error; SEX AND AGE - Under 5 years,Percent; SEX AND AGE - Under 5 years,Percent Margin of Error; SEX AND AGE - Under 5 years,Estimate; SEX AND AGE - 5 to 9 years,Margin of Error; SEX AND AGE - 5 to 9 years,Percent; SEX AND AGE - 5 to 9 years,Percent Margin of Error; SEX AND AGE - 5 to 9 years,Estimate; SEX AND AGE - 10 to 14 years,Margin of Error; SEX AND AGE - 10 to 14 years,Percent; SEX AND AGE - 10 to 14 years,Percent Margin of Error; SEX AND AGE - 10 to 14 years,Estimate; SEX AND AGE - 15 to 19 years,Margin of Error; SEX AND AGE - 15 to 19 years,Percent; SEX AND AGE - 15 to 19 years,Percent Margin of Error; SEX AND AGE - 15 to 19 years,Estimate; SEX AND AGE - 20 to 24 years,Margin of Error; SEX AND AGE - 20 to 24 years,Percent; SEX AND AGE - 20 to 24 years,Percent Margin of Error; SEX AND AGE - 20 to 24 years,Estimate; SEX AND AGE - 25 to 34 years,Margin of Error; SEX AND AGE - 25 to 34 years,Percent; SEX AND AGE - 25 to 34 years,Percent Margin of Error; SEX AND AGE - 25 to 34 years,Estimate; SEX AND AGE - 35 to 44 years,Margin of Error; SEX AND AGE - 35 to 44 years,Percent; SEX AND AGE - 35 to 44 years,Percent Margin of Error; SEX AND AGE - 35 to 44 years,Estimate; SEX AND AGE - 45 to 54 years,Margin of Error; SEX AND AGE - 45 to 54 years,Percent; SEX AND AGE - 45 to 54 years,Percent Margin of Error; SEX AND AGE - 45 to 54 years,Estimate; SEX AND AGE - 55 to 59 years,Margin of Error; SEX AND AGE - 55 to 59 years,Percent; SEX AND AGE - 55 to 59 years,Percent Margin of Error; SEX AND AGE - 55 to 59 years,Estimate; SEX AND AGE - 60 to 64 years,Margin of Error; SEX AND AGE - 60 to 64 years,Percent; SEX AND AGE - 60 to 64 years,Percent Margin of Error; SEX AND AGE - 60 to 64 years,Estimate; SEX AND AGE - 65 to 74 years,Margin of Error; SEX AND AGE - 65 to 74 years,Percent; SEX AND AGE - 65 to 74 years,Percent Margin of Error; SEX AND AGE - 65 to 74 years,Estimate; SEX AND AGE - 75 to 84 years,Margin of Error; SEX AND AGE - 75 to 84 years,Percent; SEX AND AGE - 75 to 84 years,Percent Margin of Error; SEX AND AGE - 75 to 84 years,Estimate; SEX AND AGE - 85 years and over,Margin of Error; SEX AND AGE - 85 years and over,Percent; SEX AND AGE - 85 years and over,Percent Margin of Error; SEX AND AGE - 85 years and over,Estimate; SEX AND AGE - Median age (years),Margin of Error; SEX AND AGE - Median age (years),Percent; SEX AND AGE - Median age (years),Percent Margin of Error; SEX AND AGE - Median age (years),Estimate; SEX AND AGE - 18 years and over,Margin of Error; SEX AND AGE - 18 years and over,Percent; SEX AND AGE - 18 years and over,Percent Margin of Error; SEX AND AGE - 18 years and over,Estimate; SEX AND AGE - 21 years and over,Margin of Error; SEX AND AGE - 21 years and over,Percent; SEX AND AGE - 21 years and over,Percent Margin of Error; SEX AND AGE - 21 years and over,Estimate; SEX AND AGE - 62 years and over,Margin of Error; SEX AND AGE - 62 years and over,Percent; SEX AND AGE - 62 years and over,Percent Margin of Error; SEX AND AGE - 62 years and over,Estimate; SEX AND AGE - 65 years and over,Margin of Error; SEX AND AGE - 65 years and over,Percent; SEX AND AGE - 65 years and over,Percent Margin of Error; SEX AND AGE - 65 years and over,Estimate; SEX AND AGE - 18 years and over,Margin of Error; SEX AND AGE - 18 years and over,Percent; SEX AND AGE - 18 years and over,Percent Margin of Error; SEX AND AGE - 18 years and over,Estimate; SEX AND AGE - 18 years and over - Male,Margin of Error; SEX AND AGE - 18 years and over - Male,Percent; SEX AND AGE - 18 years and over - Male,Percent Margin of Error; SEX AND AGE - 18 years and over - Male,Estimate; SEX AND AGE - 18 years and over - Female,Margin of Error; SEX AND AGE - 18 years and over - Female,Percent; SEX AND AGE - 18 years and over - Female,Percent Margin of Error; SEX AND AGE - 18 years and over - Female,Estimate; SEX AND AGE - 65 years and over,Margin of Error; SEX AND AGE - 65 years and over,Percent; SEX AND AGE - 65 years and over,Percent Margin of Error; SEX AND AGE - 65 years and over,Estimate; SEX AND AGE - 65 years and over - Male,Margin of Error; SEX AND AGE - 65 years and over - Male,Percent; SEX AND AGE - 65 years and over - Male,Percent Margin of Error; SEX AND AGE - 65 years and over - Male,Estimate; SEX AND AGE - 65 years and over - Female,Margin of Error; SEX AND AGE - 65 years and over - Female,Percent; SEX AND AGE - 65 years and over - Female,Percent Margin of Error; SEX AND AGE - 65 years and over - Female,Estimate; RACE - Total population,Margin of Error; RACE - Total population,Percent; RACE - Total population,Percent Margin of Error; RACE - Total population,Estimate; RACE - Total population - One race,Margin of Error; RACE - Total population - One race,Percent; RACE - Total population - One race,Percent Margin of Error; RACE - Total population - One race,Estimate; RACE - Total population - Two or more races,Margin of Error; RACE - Total population - Two or more races,Percent; RACE - Total population - Two or more races,Percent Margin of Error; RACE - Total population - Two or more races,Estimate; RACE - One race,Margin of Error; RACE - One race,Percent; RACE - One race,Percent Margin of Error; RACE - One race,Estimate; RACE - One race - White,Margin of Error; RACE - One race - White,Percent; RACE - One race - White,Percent Margin of Error; RACE - One race - White,Estimate; RACE - One race - Black or African American,Margin of Error; RACE - One race - Black or African American,Percent; RACE - One race - Black or African American,Percent Margin of Error; RACE - One race - Black or African American,Estimate; RACE - One race - American Indian and Alaska Native,Margin of Error; RACE - One race - American Indian and Alaska Native,Percent; RACE - One race - American Indian and Alaska Native,Percent Margin of Error; RACE - One race - American Indian and Alaska Native,Estimate; RACE - One race - American Indian and Alaska Native - Cherokee tribal grouping,Margin of Error; RACE - One race - American Indian and Alaska Native - Cherokee tribal grouping,Percent; RACE - One race - American Indian and Alaska Native - Cherokee tribal grouping,Percent Margin of Error; RACE - One race - American Indian and Alaska Native - Cherokee tribal grouping,Estimate; RACE - One race - American Indian and Alaska Native - Chippewa tribal grouping,Margin of Error; RACE - One race - American Indian and Alaska Native - Chippewa tribal grouping,Percent; RACE - One race - American Indian and Alaska Native - Chippewa tribal grouping,Percent Margin of Error; RACE - One race - American Indian and Alaska Native - Chippewa tribal grouping,Estimate; RACE - One race - American Indian and Alaska Native - Navajo tribal grouping,Margin of Error; RACE - One race - American Indian and Alaska Native - Navajo tribal grouping,Percent; RACE - One race - American Indian and Alaska Native - Navajo tribal grouping,Percent Margin of Error; RACE - One race - American Indian and Alaska Native - Navajo tribal grouping,Estimate; RACE - One race - American Indian and Alaska Native - Sioux tribal grouping,Margin of Error; RACE - One race - American Indian and Alaska Native - Sioux tribal grouping,Percent; RACE - One race - American Indian and Alaska Native - Sioux tribal grouping,Percent Margin of Error; RACE - One race - American Indian and Alaska Native - Sioux tribal grouping,Estimate; RACE - One race - Asian,Margin of Error; RACE - One race - Asian,Percent; RACE - One race - Asian,Percent Margin of Error; RACE - One race - Asian,Estimate; RACE - One race - Asian - Asian Indian,Margin of Error; RACE - One race - Asian - Asian Indian,Percent; RACE - One race - Asian - Asian Indian,Percent Margin of Error; RACE - One race - Asian - Asian Indian,Estimate; RACE - One race - Asian - Chinese,Margin of Error; RACE - One race - Asian - Chinese,Percent; RACE - One race - Asian - Chinese,Percent Margin of Error; RACE - One race - Asian - Chinese,Estimate; RACE - One race - Asian - Filipino,Margin of Error; RACE - One race - Asian - Filipino,Percent; RACE - One race - Asian - Filipino,Percent Margin of Error; RACE - One race - Asian - Filipino,Estimate; RACE - One race - Asian - Japanese,Margin of Error; RACE - One race - Asian - Japanese,Percent; RACE - One race - Asian - Japanese,Percent Margin of Error; RACE - One race - Asian - Japanese,Estimate; RACE - One race - Asian - Korean,Margin of Error; RACE - One race - Asian - Korean,Percent; RACE - One race - Asian - Korean,Percent Margin of Error; RACE - One race - Asian - Korean,Estimate; RACE - One race - Asian - Vietnamese,Margin of Error; RACE - One race - Asian - Vietnamese,Percent; RACE - One race - Asian - Vietnamese,Percent Margin of Error; RACE - One race - Asian - Vietnamese,Estimate; RACE - One race - Asian - Other Asian,Margin of Error; RACE - One race - Asian - Other Asian,Percent; RACE - One race - Asian - Other Asian,Percent Margin of Error; RACE - One race - Asian - Other Asian,Estimate; RACE - One race - Native Hawaiian and Other Pacific Islander,Margin of Error; RACE - One race - Native Hawaiian and Other Pacific Islander,Percent; RACE - One race - Native Hawaiian and Other Pacific Islander,Percent Margin of Error; RACE - One race - Native Hawaiian and Other Pacific Islander,Estimate; RACE - One race - Native Hawaiian and Other Pacific Islander - Native Hawaiian,Margin of Error; RACE - One race - Native Hawaiian and Other Pacific Islander - Native Hawaiian,Percent; RACE - One race - Native Hawaiian and Other Pacific Islander - Native Hawaiian,Percent Margin of Error; RACE - One race - Native Hawaiian and Other Pacific Islander - Native Hawaiian,Estimate; RACE - One race - Native Hawaiian and Other Pacific Islander - Guamanian or Chamorro,Margin of Error; RACE - One race - Native Hawaiian and Other Pacific Islander - Guamanian or Chamorro,Percent; RACE - One race - Native Hawaiian and Other Pacific Islander - Guamanian or Chamorro,Percent Margin of Error; RACE - One race - Native Hawaiian and Other Pacific Islander - Guamanian or Chamorro,Estimate; RACE - One race - Native Hawaiian and Other Pacific Islander - Samoan,Margin of Error; RACE - One race - Native Hawaiian and Other Pacific Islander - Samoan,Percent; RACE - One race - Native Hawaiian and Other Pacific Islander - Samoan,Percent Margin of Error; RACE - One race - Native Hawaiian and Other Pacific Islander - Samoan,Estimate; RACE - One race - Native Hawaiian and Other Pacific Islander - Other Pacific Islander,Margin of Error; RACE - One race - Native Hawaiian and Other Pacific Islander - Other Pacific Islander,Percent; RACE - One race - Native Hawaiian and Other Pacific Islander - Other Pacific Islander,Percent Margin of Error; RACE - One race - Native Hawaiian and Other Pacific Islander - Other Pacific Islander,Estimate; RACE - One race - Some other race,Margin of Error; RACE - One race - Some other race,Percent; RACE - One race - Some other race,Percent Margin of Error; RACE - One race - Some other race,Estimate; RACE - Two or more races,Margin of Error; RACE - Two or more races,Percent; RACE - Two or more races,Percent Margin of Error; RACE - Two or more races,Estimate; RACE - Two or more races - White and Black or African American,Margin of Error; RACE - Two or more races - White and Black or African American,Percent; RACE - Two or more races - White and Black or African American,Percent Margin of Error; RACE - Two or more races - White and Black or African American,Estimate; RACE - Two or more races - White and American Indian and Alaska Native,Margin of Error; RACE - Two or more races - White and American Indian and Alaska Native,Percent; RACE - Two or more races - White and American Indian and Alaska Native,Percent Margin of Error; RACE - Two or more races - White and American Indian and Alaska Native,Estimate; RACE - Two or more races - White and Asian,Margin of Error; RACE - Two or more races - White and Asian,Percent; RACE - Two or more races - White and Asian,Percent Margin of Error; RACE - Two or more races - White and Asian,Estimate; RACE - Two or more races - Black or African American and American Indian and Alaska Native,Margin of Error; RACE - Two or more races - Black or African American and American Indian and Alaska Native,Percent; RACE - Two or more races - Black or African American and American Indian and Alaska Native,Percent Margin of Error; RACE - Two or more races - Black or African American and American Indian and Alaska Native,Estimate; RACE - Race alone or in combination with one or more other races - Total population,Margin of Error; RACE - Race alone or in combination with one or more other races - Total population,Percent; RACE - Race alone or in combination with one or more other races - Total population,Percent Margin of Error; RACE - Race alone or in combination with one or more other races - Total population,Estimate; RACE - Race alone or in combination with one or more other races - Total population - White,Margin of Error; RACE - Race alone or in combination with one or more other races - Total population - White,Percent; RACE - Race alone or in combination with one or more other races - Total population - White,Percent Margin of Error; RACE - Race alone or in combination with one or more other races - Total population - White,Estimate; RACE - Race alone or in combination with one or more other races - Total population - Black or African American,Margin of Error; RACE - Race alone or in combination with one or more other races - Total population - Black or African American,Percent; RACE - Race alone or in combination with one or more other races - Total population - Black or African American,Percent Margin of Error; RACE - Race alone or in combination with one or more other races - Total population - Black or African American,Estimate; RACE - Race alone or in combination with one or more other races - Total population - American Indian and Alaska Native,Margin of Error; RACE - Race alone or in combination with one or more other races - Total population - American Indian and Alaska Native,Percent; RACE - Race alone or in combination with one or more other races - Total population - American Indian and Alaska Native,Percent Margin of Error; RACE - Race alone or in combination with one or more other races - Total population - American Indian and Alaska Native,Estimate; RACE - Race alone or in combination with one or more other races - Total population - Asian,Margin of Error; RACE - Race alone or in combination with one or more other races - Total population - Asian,Percent; RACE - Race alone or in combination with one or more other races - Total population - Asian,Percent Margin of Error; RACE - Race alone or in combination with one or more other races - Total population - Asian,Estimate; RACE - Race alone or in combination with one or more other races - Total population - Native Hawaiian and Other Pacific Islander,Margin of Error; RACE - Race alone or in combination with one or more other races - Total population - Native Hawaiian and Other Pacific Islander,Percent; RACE - Race alone or in combination with one or more other races - Total population - Native Hawaiian and Other Pacific Islander,Percent Margin of Error; RACE - Race alone or in combination with one or more other races - Total population - Native Hawaiian and Other Pacific Islander,Estimate; RACE - Race alone or in combination with one or more other races - Total population - Some other race,Margin of Error; RACE - Race alone or in combination with one or more other races - Total population - Some other race,Percent; RACE - Race alone or in combination with one or more other races - Total population - Some other race,Percent Margin of Error; RACE - Race alone or in combination with one or more other races - Total population - Some other race,Estimate; HISPANIC OR LATINO AND RACE - Total population,Margin of Error; HISPANIC OR LATINO AND RACE - Total population,Percent; HISPANIC OR LATINO AND RACE - Total population,Percent Margin of Error; HISPANIC OR LATINO AND RACE - Total population,Estimate; HISPANIC OR LATINO AND RACE - Total population - Hispanic or Latino (of any race),Margin of Error; HISPANIC OR LATINO AND RACE - Total population - Hispanic or Latino (of any race),Percent; HISPANIC OR LATINO AND RACE - Total population - Hispanic or Latino (of any race),Percent Margin of Error; HISPANIC OR LATINO AND RACE - Total population - Hispanic or Latino (of any race),Estimate; HISPANIC OR LATINO AND RACE - Total population - Hispanic or Latino (of any race) - Mexican,Margin of Error; HISPANIC OR LATINO AND RACE - Total population - Hispanic or Latino (of any race) - Mexican,Percent; HISPANIC OR LATINO AND RACE - Total population - Hispanic or Latino (of any race) - Mexican,Percent Margin of Error; HISPANIC OR LATINO AND RACE - Total population - Hispanic or Latino (of any race) - Mexican,Estimate; HISPANIC OR LATINO AND RACE - Total population - Hispanic or Latino (of any race) - Puerto Rican,Margin of Error; HISPANIC OR LATINO AND RACE - Total population - Hispanic or Latino (of any race) - Puerto Rican,Percent; HISPANIC OR LATINO AND RACE - Total population - Hispanic or Latino (of any race) - Puerto Rican,Percent Margin of Error; HISPANIC OR LATINO AND RACE - Total population - Hispanic or Latino (of any race) - Puerto Rican,Estimate; HISPANIC OR LATINO AND RACE - Total population - Hispanic or Latino (of any race) - Cuban,Margin of Error; HISPANIC OR LATINO AND RACE - Total population - Hispanic or Latino (of any race) - Cuban,Percent; HISPANIC OR LATINO AND RACE - Total population - Hispanic or Latino (of any race) - Cuban,Percent Margin of Error; HISPANIC OR LATINO AND RACE - Total population - Hispanic or Latino (of any race) - Cuban,Estimate; HISPANIC OR LATINO AND RACE - Total population - Hispanic or Latino (of any race) - Other Hispanic or Latino,Margin of Error; HISPANIC OR LATINO AND RACE - Total population - Hispanic or Latino (of any race) - Other Hispanic or Latino,Percent; HISPANIC OR LATINO AND RACE - Total population - Hispanic or Latino (of any race) - Other Hispanic or Latino,Percent Margin of Error; HISPANIC OR LATINO AND RACE - Total population - Hispanic or Latino (of any race) - Other Hispanic or Latino,Estimate; HISPANIC OR LATINO AND RACE - Total population - Not Hispanic or Latino,Margin of Error; HISPANIC OR LATINO AND RACE - Total population - Not Hispanic or Latino,Percent; HISPANIC OR LATINO AND RACE - Total population - Not Hispanic or Latino,Percent Margin of Error; HISPANIC OR LATINO AND RACE - Total population - Not Hispanic or Latino,Estimate; HISPANIC OR LATINO AND RACE - Total population - Not Hispanic or Latino - White alone,Margin of Error; HISPANIC OR LATINO AND RACE - Total population - Not Hispanic or Latino - White alone,Percent; HISPANIC OR LATINO AND RACE - Total population - Not Hispanic or Latino - White alone,Percent Margin of Error; HISPANIC OR LATINO AND RACE - Total population - Not Hispanic or Latino - White alone,Estimate; HISPANIC OR LATINO AND RACE - Total population - Not Hispanic or Latino - Black or African American alone,Margin of Error; HISPANIC OR LATINO AND RACE - Total population - Not Hispanic or Latino - Black or African American alone,Percent; HISPANIC OR LATINO AND RACE - Total population - Not Hispanic or Latino - Black or African American alone,Percent Margin of Error; HISPANIC OR LATINO AND RACE - Total population - Not Hispanic or Latino - Black or African American alone,Estimate; HISPANIC OR LATINO AND RACE - Total population - Not Hispanic or Latino - American Indian and Alaska Native alone,Margin of Error; HISPANIC OR LATINO AND RACE - Total population - Not Hispanic or Latino - American Indian and Alaska Native alone,Percent; HISPANIC OR LATINO AND RACE - Total population - Not Hispanic or Latino - American Indian and Alaska Native alone,Percent Margin of Error; HISPANIC OR LATINO AND RACE - Total population - Not Hispanic or Latino - American Indian and Alaska Native alone,Estimate; HISPANIC OR LATINO AND RACE - Total population - Not Hispanic or Latino - Asian alone,Margin of Error; HISPANIC OR LATINO AND RACE - Total population - Not Hispanic or Latino - Asian alone,Percent; HISPANIC OR LATINO AND RACE - Total population - Not Hispanic or Latino - Asian alone,Percent Margin of Error; HISPANIC OR LATINO AND RACE - Total population - Not Hispanic or Latino - Asian alone,Estimate; HISPANIC OR LATINO AND RACE - Total population - Not Hispanic or Latino - Native Hawaiian and Other Pacific Islander alone,Margin of Error; HISPANIC OR LATINO AND RACE - Total population - Not Hispanic or Latino - Native Hawaiian and Other Pacific Islander alone,Percent; HISPANIC OR LATINO AND RACE - Total population - Not Hispanic or Latino - Native Hawaiian and Other Pacific Islander alone,Percent Margin of Error; HISPANIC OR LATINO AND RACE - Total population - Not Hispanic or Latino - Native Hawaiian and Other Pacific Islander alone,Estimate; HISPANIC OR LATINO AND RACE - Total population - Not Hispanic or Latino - Some other race alone,Margin of Error; HISPANIC OR LATINO AND RACE - Total population - Not Hispanic or Latino - Some other race alone,Percent; HISPANIC OR LATINO AND RACE - Total population - Not Hispanic or Latino - Some other race alone,Percent Margin of Error; HISPANIC OR LATINO AND RACE - Total population - Not Hispanic or Latino - Some other race alone,Estimate; HISPANIC OR LATINO AND RACE - Total population - Not Hispanic or Latino - Two or more races,Margin of Error; HISPANIC OR LATINO AND RACE - Total population - Not Hispanic or Latino - Two or more races,Percent; HISPANIC OR LATINO AND RACE - Total population - Not Hispanic or Latino - Two or more races,Percent Margin of Error; HISPANIC OR LATINO AND RACE - Total population - Not Hispanic or Latino - Two or more races,Estimate; HISPANIC OR LATINO AND RACE - Total population - Not Hispanic or Latino - Two or more races - Two races including Some other race,Margin of Error; HISPANIC OR LATINO AND RACE - Total population - Not Hispanic or Latino - Two or more races - Two races including Some other race,Percent; HISPANIC OR LATINO AND RACE - Total population - Not Hispanic or Latino - Two or more races - Two races including Some other race,Percent Margin of Error; HISPANIC OR LATINO AND RACE - Total population - Not Hispanic or Latino - Two or more races - Two races including Some other race,"Estimate; HISPANIC OR LATINO AND RACE - Total population - Not Hispanic or Latino - Two or more races - Two races excluding Some other race, and Three or more races","Margin of Error; HISPANIC OR LATINO AND RACE - Total population - Not Hispanic or Latino - Two or more races - Two races excluding Some other race, and Three or more races","Percent; HISPANIC OR LATINO AND RACE - Total population - Not Hispanic or Latino - Two or more races - Two races excluding Some other race, and Three or more races","Percent Margin of Error; HISPANIC OR LATINO AND RACE - Total population - Not Hispanic or Latino - Two or more races - Two races excluding Some other race, and Three or more races",Estimate; HISPANIC OR LATINO AND RACE - Total housing units,Margin of Error; HISPANIC OR LATINO AND RACE - Total housing units,Percent; HISPANIC OR LATINO AND RACE - Total housing units,Percent Margin of Error; HISPANIC OR LATINO AND RACE - Total housing units
8600000US30030,30030,ZCTA5 30030,26470,506,26470,(X),11730,525,44.3,1.7,14740,522,55.7,1.7,2077,328,7.8,1.2,1778,314,6.7,1.2,1640,237,6.2,0.9,1285,302,4.9,1.2,1839,376,6.9,1.4,3978,392,15.0,1.4,3981,366,15.0,1.4,3752,355,14.2,1.4,1563,256,5.9,1.0,1460,217,5.5,0.8,1585,222,6.0,0.8,898,154,3.4,0.6,634,145,2.4,0.5,36.4,1.5,(X),(X),20375,550,77.0,1.8,19261,559,72.8,1.9,4038,335,15.3,1.3,3117,261,11.8,1.0,20375,550,20375,(X),8587,435,42.1,1.8,11788,495,57.9,1.8,3117,261,3117,(X),809,128,26.0,3.7,2308,234,74.0,3.7,26470,506,26470,(X),25728,523,97.2,0.8,742,214,2.8,0.8,25728,523,97.2,0.8,17995,755,68.0,3.0,6046,748,22.8,2.7,47,38,0.2,0.1,0,24,0.0,0.1,0,24,0.0,0.1,0,24,0.0,0.1,0,24,0.0,0.1,1407,432,5.3,1.6,450,274,1.7,1.0,339,196,1.3,0.7,121,104,0.5,0.4,124,102,0.5,0.4,285,178,1.1,0.7,0,24,0.0,0.1,88,58,0.3,0.2,0,24,0.0,0.1,0,24,0.0,0.1,0,24,0.0,0.1,0,24,0.0,0.1,0,24,0.0,0.1,233,116,0.9,0.4,742,214,2.8,0.8,179,151,0.7,0.6,60,55,0.2,0.2,349,149,1.3,0.6,39,40,0.1,0.2,26470,506,26470,(X),18609,789,70.3,3.1,6314,712,23.9,2.5,152,77,0.6,0.3,1817,483,6.9,1.8,10,18,0.0,0.1,316,141,1.2,0.5,26470,506,26470,(X),843,270,3.2,1.0,312,179,1.2,0.7,79,58,0.3,0.2,82,58,0.3,0.2,370,177,1.4,0.7,25627,556,96.8,1.0,17542,744,66.3,3.0,5925,707,22.4,2.5,26,30,0.1,0.1,1407,432,5.3,1.6,0,24,0.0,0.1,34,40,0.1,0.2,693,206,2.6,0.8,51,47,0.2,0.2,"642","216","2.4","0.8",12614,382,(X),(X)
8600000US30032,30032,ZCTA5 30032,48419,1702,48419,(X),23470,927,48.5,1.3,24949,1163,51.5,1.3,3689,514,7.6,1.0,2860,435,5.9,0.8,2649,418,5.5,0.8,2613,358,5.4,0.7,3852,434,8.0,0.9,7563,692,15.6,1.2,6698,683,13.8,1.2,7122,597,14.7,1.2,2900,337,6.0,0.7,2906,355,6.0,0.8,3660,306,7.6,0.7,1354,212,2.8,0.4,553,154,1.1,0.3,36.3,1.1,(X),(X),37830,1154,78.1,1.2,35863,1118,74.1,1.4,7344,458,15.2,1.0,5567,359,11.5,0.8,37830,1154,37830,(X),18506,758,48.9,1.4,19324,818,51.1,1.4,5567,359,5567,(X),2202,224,39.6,2.7,3365,245,60.4,2.7,48419,1702,48419,(X),47526,1725,98.2,0.5,893,233,1.8,0.5,47526,1725,98.2,0.5,5347,514,11.0,1.1,41247,1767,85.2,1.3,129,81,0.3,0.2,51,66,0.1,0.1,0,27,0.0,0.1,0,27,0.0,0.1,0,27,0.0,0.1,83,50,0.2,0.1,20,28,0.0,0.1,11,18,0.0,0.1,7,11,0.0,0.1,15,18,0.0,0.1,0,27,0.0,0.1,6,9,0.0,0.1,24,30,0.0,0.1,3,5,0.0,0.1,0,27,0.0,0.1,3,5,0.0,0.1,0,27,0.0,0.1,0,27,0.0,0.1,717,247,1.5,0.5,893,233,1.8,0.5,209,95,0.4,0.2,72,54,0.1,0.1,24,37,0.0,0.1,274,171,0.6,0.4,48419,1702,48419,(X),5787,525,12.0,1.2,41993,1777,86.7,1.3,564,235,1.2,0.5,170,84,0.4,0.2,66,45,0.1,0.1,839,255,1.7,0.5,48419,1702,48419,(X),1562,379,3.2,0.8,972,316,2.0,0.7,321,168,0.7,0.3,36,29,0.1,0.1,233,140,0.5,0.3,46857,1734,96.8,0.8,4702,502,9.7,1.1,41006,1771,84.7,1.3,129,81,0.3,0.2,72,47,0.1,0.1,0,27,0.0,0.1,131,94,0.3,0.2,817,232,1.7,0.5,48,48,0.1,0.1,"769","233","1.6","0.5",20680,304,(X),(X)
8600000US30126,30126,ZCTA5 30126,40343,1260,40343,(X),19451,1151,48.2,2.1,20892,913,51.8,2.1,3887,507,9.6,1.2,2884,449,7.1,1.1,2873,466,7.1,1.1,2190,375,5.4,0.9,2347,475,5.8,1.1,5467,672,13.6,1.6,7369,517,18.3,1.2,6300,756,15.6,1.8,2394,371,5.9,0.9,1702,309,4.2,0.8,1888,286,4.7,0.7,698,160,1.7,0.4,344,133,0.9,0.3,35.7,0.9,(X),(X),29127,1001,72.2,1.4,28227,942,70.0,1.4,3894,388,9.7,1.0,2930,295,7.3,0.8,29127,1001,29127,(X),13939,861,47.9,1.9,15188,603,52.1,1.9,2930,295,2930,(X),1293,210,44.1,5.3,1637,214,55.9,5.3,40343,1260,40343,(X),39429,1210,97.7,0.8,914,335,2.3,0.8,39429,1210,97.7,0.8,19553,1091,48.5,2.6,17132,1123,42.5,2.5,24,41,0.1,0.1,0,27,0.0,0.1,0,27,0.0,0.1,0,27,0.0,0.1,0,27,0.0,0.1,1170,470,2.9,1.2,522,350,1.3,0.9,92,123,0.2,0.3,70,73,0.2,0.2,17,27,0.0,0.1,187,186,0.5,0.5,212,317,0.5,0.8,70,63,0.2,0.2,0,27,0.0,0.1,0,27,0.0,0.1,0,27,0.0,0.1,0,27,0.0,0.1,0,27,0.0,0.1,1550,773,3.8,1.9,914,335,2.3,0.8,422,232,1.0,0.6,56,42,0.1,0.1,83,79,0.2,0.2,80,80,0.2,0.2,40343,1260,40343,(X),20248,1138,50.2,2.6,17772,1163,44.1,2.5,187,112,0.5,0.3,1313,490,3.3,1.2,37,53,0.1,0.1,1727,780,4.3,1.9,40343,1260,40343,(X),5941,1063,14.7,2.5,2997,1021,7.4,2.5,321,202,0.8,0.5,45,44,0.1,0.1,2578,633,6.4,1.6,34402,1402,85.3,2.5,15633,842,38.8,2.0,16572,1105,41.1,2.4,24,41,0.1,0.1,1170,470,2.9,1.2,0,27,0.0,0.1,111,156,0.3,0.4,892,322,2.2,0.8,166,129,0.4,0.3,"726","262","1.8","0.6",15874,400,(X),(X)
8600000US30303,30303,ZCTA5 30303,5582,544,5582,(X),3138,400,56.2,5.1,2444,388,43.8,5.1,23,28,0.4,0.5,12,14,0.2,0.2,13,16,0.2,0.3,1292,250,23.1,4.1,1964,305,35.2,4.7,744,170,13.3,2.4,464,184,8.3,3.1,680,161,12.2,2.6,203,95,3.6,1.7,72,48,1.3,0.8,92,57,1.6,1.0,10,16,0.2,0.3,13,19,0.2,0.3,21.9,0.5,(X),(X),5534,542,99.1,0.7,3380,483,60.6,5.2,148,66,2.7,1.2,115,62,2.1,1.1,5534,542,5534,(X),3126,401,56.5,5.2,2408,385,43.5,5.2,115,62,115,(X),87,54,75.7,19.5,28,25,24.3,19.5,5582,544,5582,(X),5404,533,96.8,1.5,178,86,3.2,1.5,5404,533,96.8,1.5,1648,241,29.5,3.7,3184,461,57.0,5.2,18,22,0.3,0.4,0,18,0.0,0.7,0,18,0.0,0.7,0,18,0.0,0.7,0,18,0.0,0.7,459,177,8.2,3.3,206,145,3.7,2.6,73,51,1.3,0.9,61,65,1.1,1.2,12,24,0.2,0.4,69,60,1.2,1.1,13,26,0.2,0.5,25,36,0.4,0.7,0,18,0.0,0.7,0,18,0.0,0.7,0,18,0.0,0.7,0,18,0.0,0.7,0,18,0.0,0.7,95,86,1.7,1.5,178,86,3.2,1.5,108,64,1.9,1.1,15,29,0.3,0.5,0,18,0.0,0.7,0,18,0.0,0.7,5582,544,5582,(X),1802,251,32.3,3.7,3334,479,59.7,5.4,66,56,1.2,1.0,481,181,8.6,3.3,0,18,0.0,0.7,108,89,1.9,1.6,5582,544,5582,(X),518,149,9.3,2.5,295,132,5.3,2.3,52,36,0.9,0.6,31,38,0.6,0.7,140,100,2.5,1.8,5064,514,90.7,2.5,1379,238,24.7,3.7,3104,444,55.6,4.8,5,9,0.1,0.2,446,175,8.0,3.2,0,18,0.0,0.7,0,18,0.0,0.7,130,74,2.3,1.3,0,18,0.0,0.7,"130","74","2.3","1.3",1507,175,(X),(X)
8600000US30305,30305,ZCTA5 30305,21574,1137,21574,(X),9879,691,45.8,2.3,11695,819,54.2,2.3,1040,239,4.8,1.0,1059,213,4.9,0.9,1031,221,4.8,1.0,709,172,3.3,0.8,1038,266,4.8,1.2,4625,668,21.4,2.8,3657,522,17.0,2.1,2224,341,10.3,1.5,1252,263,5.8,1.2,1187,248,5.5,1.1,2096,317,9.7,1.5,854,186,4.0,0.8,802,194,3.7,0.9,37.9,1.2,(X),(X),17981,930,83.3,1.5,17702,922,82.1,1.6,4474,398,20.7,2.0,3752,384,17.4,1.9,17981,930,17981,(X),8203,595,45.6,2.3,9778,661,54.4,2.3,3752,384,3752,(X),1508,201,40.2,4.0,2244,288,59.8,4.0,21574,1137,21574,(X),21332,1123,98.9,0.5,242,114,1.1,0.5,21332,1123,98.9,0.5,18773,1146,87.0,2.6,1671,431,7.7,1.9,23,28,0.1,0.1,23,28,0.1,0.1,0,24,0.0,0.2,0,24,0.0,0.2,0,24,0.0,0.2,843,357,3.9,1.7,345,333,1.6,1.6,85,91,0.4,0.4,0,24,0.0,0.2,6,10,0.0,0.1,108,99,0.5,0.5,0,24,0.0,0.2,299,249,1.4,1.2,0,24,0.0,0.2,0,24,0.0,0.2,0,24,0.0,0.2,0,24,0.0,0.2,0,24,0.0,0.2,22,25,0.1,0.1,242,114,1.1,0.5,87,80,0.4,0.4,6,13,0.0,0.1,102,73,0.5,0.3,42,57,0.2,0.3,21574,1137,21574,(X),18973,1160,87.9,2.5,1800,457,8.3,2.0,71,71,0.3,0.3,945,374,4.4,1.7,0,24,0.0,0.2,27,26,0.1,0.1,21574,1137,21574,(X),875,412,4.1,1.9,401,361,1.9,1.7,6,13,0.0,0.1,150,125,0.7,0.6,318,204,1.5,0.9,20699,1154,95.9,1.9,17961,1137,83.3,2.9,1646,428,7.6,1.9,23,28,0.1,0.1,843,357,3.9,1.7,0,24,0.0,0.2,11,17,0.1,0.1,215,104,1.0,0.5,0,24,0.0,0.2,"215","104","1.0","0.5",13694,361,(X),(X)
8600000US30306,30306,ZCTA5 30306,22195,978,22195,(X),11251,657,50.7,2.1,10944,704,49.3,2.1,1530,265,6.9,1.1,1275,233,5.7,1.0,705,155,3.2,0.7,625,188,2.8,0.8,1176,293,5.3,1.3,4974,506,22.4,1.9,4107,453,18.5,1.8,3544,389,16.0,1.6,1202,189,5.4,0.9,1342,211,6.0,1.0,1025,231,4.6,1.0,459,117,2.1,0.5,231,88,1.0,0.4,37.5,1.2,(X),(X),18228,777,82.1,1.5,18060,746,81.4,1.5,2469,305,11.1,1.4,1715,264,7.7,1.2,18228,777,18228,(X),9162,490,50.3,2.2,9066,629,49.7,2.2,1715,264,1715,(X),841,173,49.0,6.9,874,183,51.0,6.9,22195,978,22195,(X),21912,992,98.7,0.6,283,134,1.3,0.6,21912,992,98.7,0.6,19915,897,89.7,2.0,1077,266,4.9,1.1,3,4,0.0,0.1,1,2,0.0,0.1,0,24,0.0,0.2,0,24,0.0,0.2,0,24,0.0,0.2,810,299,3.6,1.3,235,208,1.1,0.9,100,53,0.5,0.2,24,36,0.1,0.2,36,47,0.2,0.2,283,210,1.3,0.9,37,62,0.2,0.3,95,62,0.4,0.3,4,7,0.0,0.1,4,7,0.0,0.1,0,24,0.0,0.2,0,24,0.0,0.2,0,24,0.0,0.2,103,89,0.5,0.4,283,134,1.3,0.6,49,53,0.2,0.2,0,24,0.0,0.2,117,70,0.5,0.3,0,24,0.0,0.2,22195,978,22195,(X),20134,880,90.7,2.0,1170,271,5.3,1.1,15,20,0.1,0.1,989,320,4.5,1.4,68,80,0.3,0.4,130,94,0.6,0.4,22195,978,22195,(X),919,360,4.1,1.6,399,299,1.8,1.3,69,43,0.3,0.2,73,51,0.3,0.2,378,162,1.7,0.7,21276,951,95.9,1.6,19137,915,86.2,2.5,1017,262,4.6,1.1,3,4,0.0,0.1,802,298,3.6,1.3,4,7,0.0,0.1,92,87,0.4,0.4,221,117,1.0,0.5,0,24,0.0,0.2,"221","117","1.0","0.5",11891,316,(X),(X)
8600000US30307,30307,ZCTA5 30307,18052,789,18052,(X),9036,542,50.1,2.2,9016,583,49.9,2.2,957,190,5.3,1.0,1148,228,6.4,1.1,1097,209,6.1,1.1,713,188,3.9,1.0,962,241,5.3,1.3,4219,436,23.4,2.3,3225,333,17.9,1.7,2644,254,14.6,1.4,1003,166,5.6,0.9,755,137,4.2,0.8,948,157,5.3,0.9,283,108,1.6,0.6,98,46,0.5,0.3,34.8,1.2,(X),(X),14466,599,80.1,1.8,13971,564,77.4,2.1,1829,219,10.1,1.2,1329,207,7.4,1.2,14466,599,14466,(X),7226,434,50.0,2.1,7240,423,50.0,2.1,1329,207,1329,(X),579,121,43.6,6.4,750,149,56.4,6.4,18052,789,18052,(X),17524,805,97.1,0.9,528,163,2.9,0.9,17524,805,97.1,0.9,13678,734,75.8,2.8,2864,456,15.9,2.3,36,40,0.2,0.2,0,20,0.0,0.2,0,20,0.0,0.2,14,22,0.1,0.1,0,20,0.0,0.2,642,186,3.6,1.0,141,80,0.8,0.4,166,88,0.9,0.5,78,74,0.4,0.4,13,19,0.1,0.1,167,136,0.9,0.7,39,30,0.2,0.2,38,48,0.2,0.3,0,20,0.0,0.2,0,20,0.0,0.2,0,20,0.0,0.2,0,20,0.0,0.2,0,20,0.0,0.2,304,210,1.7,1.2,528,163,2.9,0.9,64,56,0.4,0.3,154,109,0.9,0.6,203,95,1.1,0.5,8,12,0.0,0.1,18052,789,18052,(X),14172,719,78.5,2.7,2991,460,16.6,2.3,237,123,1.3,0.7,905,228,5.0,1.3,14,22,0.1,0.1,334,211,1.9,1.2,18052,789,18052,(X),892,309,4.9,1.7,174,112,1.0,0.6,99,86,0.5,0.5,174,187,1.0,1.0,445,180,2.5,1.0,17160,779,95.1,1.7,13075,757,72.4,3.1,2804,442,15.5,2.2,36,40,0.2,0.2,642,186,3.6,1.0,0,20,0.0,0.2,90,80,0.5,0.4,513,163,2.8,0.9,10,16,0.1,0.1,"503","159","2.8","0.9",9282,265,(X),(X)
8600000US30308,30308,ZCTA5 30308,17238,1002,17238,(X),9655,753,56.0,2.5,7583,568,44.0,2.5,729,262,4.2,1.5,286,175,1.7,1.0,142,85,0.8,0.5,606,185,3.5,1.1,2939,425,17.0,2.4,5638,611,32.7,3.1,2784,405,16.2,2.0,1639,308,9.5,1.8,886,229,5.1,1.3,589,190,3.4,1.1,484,143,2.8,0.8,398,220,2.3,1.3,118,97,0.7,0.6,30.7,1.2,(X),(X),15988,949,92.7,2.2,14672,885,85.1,2.4,1388,328,8.1,1.9,1000,284,5.8,1.6,15988,949,15988,(X),9006,725,56.3,2.6,6982,534,43.7,2.6,1000,284,1000,(X),498,184,49.8,13.9,502,211,50.2,13.9,17238,1002,17238,(X),16908,1028,98.1,1.0,330,169,1.9,1.0,16908,1028,98.1,1.0,9342,646,54.2,3.4,5410,782,31.4,3.6,80,81,0.5,0.5,10,16,0.1,0.1,53,77,0.3,0.4,0,20,0.0,0.2,0,20,0.0,0.2,1821,414,10.6,2.2,961,303,5.6,1.7,413,195,2.4,1.1,115,89,0.7,0.5,0,20,0.0,0.2,199,176,1.2,1.0,75,54,0.4,0.3,58,52,0.3,0.3,11,23,0.1,0.1,11,23,0.1,0.1,0,20,0.0,0.2,0,20,0.0,0.2,0,20,0.0,0.2,244,144,1.4,0.8,330,169,1.9,1.0,78,72,0.5,0.4,46,46,0.3,0.3,142,129,0.8,0.8,0,20,0.0,0.2,17238,1002,17238,(X),9630,656,55.9,3.6,5508,788,32.0,3.7,160,107,0.9,0.6,2019,424,11.7,2.3,55,52,0.3,0.3,252,144,1.5,0.8,17238,1002,17238,(X),1042,275,6.0,1.6,269,114,1.6,0.7,153,93,0.9,0.5,130,86,0.8,0.5,490,204,2.8,1.2,16196,995,94.0,1.6,8699,630,50.5,3.4,5272,768,30.6,3.6,80,81,0.5,0.5,1821,414,10.6,2.2,11,23,0.1,0.1,17,22,0.1,0.1,296,166,1.7,1.0,0,20,0.0,0.2,"296","166","1.7","1.0",11548,333,(X),(X)
8600000US30309,30309,ZCTA5 30309,21444,909,21444,(X),11381,779,53.1,2.5,10063,617,46.9,2.5,1028,236,4.8,1.1,610,214,2.8,1.0,279,123,1.3,0.6,633,219,3.0,1.0,1987,395,9.3,1.8,6097,650,28.4,2.8,3736,472,17.4,2.1,3146,420,14.7,1.8,994,250,4.6,1.2,1207,268,5.6,1.3,1254,307,5.8,1.4,343,127,1.6,0.6,130,92,0.6,0.4,35.2,1.3,(X),(X),19314,843,90.1,1.7,18670,808,87.1,2.0,2459,389,11.5,1.8,1727,337,8.1,1.5,19314,843,19314,(X),10428,655,54.0,2.2,8886,552,46.0,2.2,1727,337,1727,(X),998,231,57.8,6.7,729,178,42.2,6.7,21444,909,21444,(X),21026,910,98.1,0.8,418,173,1.9,0.8,21026,910,98.1,0.8,16053,794,74.9,3.3,3230,596,15.1,2.5,104,88,0.5,0.4,11,14,0.1,0.1,0,24,0.0,0.2,48,66,0.2,0.3,30,57,0.1,0.3,1470,420,6.9,1.9,738,297,3.4,1.4,403,251,1.9,1.2,65,55,0.3,0.3,55,87,0.3,0.4,114,93,0.5,0.4,30,29,0.1,0.1,65,51,0.3,0.2,27,36,0.1,0.2,27,36,0.1,0.2,0,24,0.0,0.2,0,24,0.0,0.2,0,24,0.0,0.2,142,95,0.7,0.4,418,173,1.9,0.8,91,78,0.4,0.4,105,102,0.5,0.5,122,76,0.6,0.4,0,24,0.0,0.2,21444,909,21444,(X),16455,770,76.7,3.1,3346,604,15.6,2.6,218,142,1.0,0.6,1628,428,7.6,1.9,41,50,0.2,0.2,203,137,0.9,0.6,21444,909,21444,(X),872,273,4.1,1.3,338,169,1.6,0.8,77,57,0.4,0.3,79,58,0.4,0.3,378,169,1.8,0.8,20572,970,95.9,1.3,15409,812,71.9,3.3,3159,596,14.7,2.5,104,88,0.5,0.4,1470,420,6.9,1.9,27,36,0.1,0.2,62,77,0.3,0.4,341,147,1.6,0.7,0,24,0.0,0.2,"341","147","1.6","0.7",15590,432,(X),(X)
8600000US30310,30310,ZCTA5 30310,28660,1383,28660,(X),13850,845,48.3,2.0,14810,968,51.7,2.0,2179,364,7.6,1.2,1438,260,5.0,0.9,1970,357,6.9,1.1,1799,355,6.3,1.1,2469,380,8.6,1.3,3445,446,12.0,1.3,4062,440,14.2,1.5,4504,486,15.7,1.5,2099,324,7.3,1.1,1537,231,5.4,0.8,1993,284,7.0,1.0,865,159,3.0,0.6,300,86,1.0,0.3,37.7,2.0,(X),(X),22083,1105,77.1,2.0,20547,1015,71.7,2.3,4040,360,14.1,1.3,3158,302,11.0,1.1,22083,1105,22083,(X),10372,714,47.0,2.2,11711,751,53.0,2.2,3158,302,3158,(X),1311,200,41.5,4.7,1847,224,58.5,4.7,28660,1383,28660,(X),28075,1354,98.0,0.8,585,234,2.0,0.8,28075,1354,98.0,0.8,1976,349,6.9,1.2,25771,1324,89.9,1.5,51,42,0.2,0.1,8,12,0.0,0.1,0,24,0.0,0.1,0,24,0.0,0.1,0,24,0.0,0.1,109,62,0.4,0.2,14,23,0.0,0.1,24,36,0.1,0.1,0,24,0.0,0.1,14,17,0.0,0.1,6,10,0.0,0.1,48,43,0.2,0.2,3,8,0.0,0.1,4,8,0.0,0.1,0,24,0.0,0.1,0,24,0.0,0.1,4,8,0.0,0.1,0,24,0.0,0.1,164,146,0.6,0.5,585,234,2.0,0.8,245,158,0.9,0.5,42,60,0.1,0.2,0,24,0.0,0.1,146,111,0.5,0.4,28660,1383,28660,(X),2325,412,8.1,1.4,26292,1350,91.7,1.3,291,125,1.0,0.4,156,76,0.5,0.3,10,12,0.0,0.1,217,167,0.8,0.6,28660,1383,28660,(X),572,286,2.0,1.0,237,178,0.8,0.6,168,207,0.6,0.7,34,37,0.1,0.1,133,91,0.5,0.3,28088,1368,98.0,1.0,1788,331,6.2,1.1,25610,1320,89.4,1.6,29,23,0.1,0.1,109,62,0.4,0.2,4,8,0.0,0.1,10,13,0.0,0.1,538,227,1.9,0.8,6,9,0.0,0.1,"532","225","1.9","0.8",14867,393,(X),(X)
8600000US30311,30311,ZCTA5 30311,36381,1678,36381,(X),15526,993,42.7,1.6,20855,1047,57.3,1.6,3216,526,8.8,1.3,2225,348,6.1,0.9,2513,453,6.9,1.1,2158,414,5.9,1.1,2533,487,7.0,1.3,5136,693,14.1,1.7,4222,588,11.6,1.6,4417,604,12.1,1.5,2166,380,6.0,1.0,2322,346,6.4,1.0,3275,383,9.0,1.1,1571,255,4.3,0.7,627,208,1.7,0.6,36.2,1.9,(X),(X),27246,1172,74.9,1.9,25694,1138,70.6,2.2,6912,485,19.0,1.6,5473,412,15.0,1.3,27246,1172,27246,(X),10657,742,39.1,2.0,16589,859,60.9,2.0,5473,412,5473,(X),2021,252,36.9,4.4,3452,391,63.1,4.4,36381,1678,36381,(X),35883,1686,98.6,0.8,498,277,1.4,0.8,35883,1686,98.6,0.8,1089,763,3.0,2.1,33777,1545,92.8,2.5,0,27,0.0,0.1,0,27,0.0,0.1,0,27,0.0,0.1,0,27,0.0,0.1,0,27,0.0,0.1,138,210,0.4,0.6,138,210,0.4,0.6,0,27,0.0,0.1,0,27,0.0,0.1,0,27,0.0,0.1,0,27,0.0,0.1,0,27,0.0,0.1,0,27,0.0,0.1,0,27,0.0,0.1,0,27,0.0,0.1,0,27,0.0,0.1,0,27,0.0,0.1,0,27,0.0,0.1,879,526,2.4,1.4,498,277,1.4,0.8,171,205,0.5,0.6,13,22,0.0,0.1,38,28,0.1,0.1,90,80,0.2,0.2,36381,1678,36381,(X),1453,817,4.0,2.2,34224,1539,94.1,2.4,245,169,0.7,0.5,220,219,0.6,0.6,0,27,0.0,0.1,879,526,2.4,1.4,36381,1678,36381,(X),2039,846,5.6,2.2,1120,451,3.1,1.2,186,143,0.5,0.4,35,42,0.1,0.1,698,688,1.9,1.9,34342,1562,94.4,2.2,234,138,0.6,0.4,33480,1541,92.0,2.5,0,27,0.0,0.1,138,210,0.4,0.6,0,27,0.0,0.1,8,14,0.0,0.1,482,271,1.3,0.7,0,27,0.0,0.1,"482","271","1.3","0.7",15993,409,(X),(X)
8600000US30312,30312,ZCTA5 30312,20264,1050,20264,(X),9679,673,47.8,2.5,10585,785,52.2,2.5,1441,327,7.1,1.5,1032,258,5.1,1.2,722,200,3.6,1.0,607,189,3.0,0.9,1915,409,9.5,1.9,5292,526,26.1,2.5,3281,406,16.2,1.8,2576,300,12.7,1.5,902,160,4.5,0.8,736,192,3.6,0.9,1158,239,5.7,1.1,435,109,2.1,0.5,167,100,0.8,0.5,33.2,1.1,(X),(X),16698,891,82.4,2.5,16248,830,80.2,2.5,2211,316,10.9,1.4,1760,295,8.7,1.3,16698,891,16698,(X),7968,630,47.7,2.6,8730,607,52.3,2.6,1760,295,1760,(X),692,146,39.3,6.2,1068,220,60.7,6.2,20264,1050,20264,(X),19773,1026,97.6,0.8,491,166,2.4,0.8,19773,1026,97.6,0.8,8225,614,40.6,3.0,10839,959,53.5,3.1,97,122,0.5,0.6,10,18,0.0,0.1,0,24,0.0,0.2,0,24,0.0,0.2,0,24,0.0,0.2,326,123,1.6,0.6,49,33,0.2,0.2,79,70,0.4,0.3,32,34,0.2,0.2,0,24,0.0,0.2,82,40,0.4,0.2,49,80,0.2,0.4,35,32,0.2,0.2,0,24,0.0,0.2,0,24,0.0,0.2,0,24,0.0,0.2,0,24,0.0,0.2,0,24,0.0,0.2,286,150,1.4,0.7,491,166,2.4,0.8,112,95,0.6,0.5,51,47,0.3,0.2,161,118,0.8,0.6,53,50,0.3,0.2,20264,1050,20264,(X),8588,642,42.4,3.1,11040,979,54.5,3.1,229,153,1.1,0.7,552,191,2.7,0.9,36,39,0.2,0.2,331,148,1.6,0.7,20264,1050,20264,(X),967,247,4.8,1.2,495,168,2.4,0.8,95,65,0.5,0.3,45,42,0.2,0.2,332,144,1.6,0.7,19297,1033,95.2,1.2,7798,633,38.5,3.1,10748,961,53.0,3.2,10,18,0.0,0.1,326,123,1.6,0.6,0,24,0.0,0.2,32,29,0.2,0.1,383,143,1.9,0.7,21,23,0.1,0.1,"362","140","1.8","0.7",12427,399,(X),(X)
8600000US30313,30313,ZCTA5 30313,9590,1443,9590,(X),5989,1028,62.5,3.6,3601,581,37.5,3.6,318,147,3.3,1.5,140,76,1.5,0.8,90,52,0.9,0.6,2719,576,28.4,3.8,2949,954,30.8,6.1,1479,223,15.4,3.0,576,125,6.0,1.6,754,203,7.9,2.3,318,140,3.3,1.5,132,56,1.4,0.6,92,49,1.0,0.5,23,22,0.2,0.2,0,18,0.0,0.4,21.5,0.6,(X),(X),8909,1415,92.9,2.3,5184,637,54.1,4.3,182,62,1.9,0.7,115,55,1.2,0.6,8909,1415,8909,(X),5699,1029,64.0,3.9,3210,557,36.0,3.9,115,55,115,(X),62,46,53.9,24.9,53,31,46.1,24.9,9590,1443,9590,(X),9291,1440,96.9,1.4,299,128,3.1,1.4,9291,1440,96.9,1.4,4201,995,43.8,4.8,3802,498,39.6,5.3,33,37,0.3,0.4,6,9,0.1,0.1,0,18,0.0,0.4,0,18,0.0,0.4,0,18,0.0,0.4,1226,357,12.8,3.0,556,188,5.8,1.6,380,246,4.0,2.4,22,24,0.2,0.3,6,12,0.1,0.1,134,75,1.4,0.8,23,31,0.2,0.3,105,73,1.1,0.8,0,18,0.0,0.4,0,18,0.0,0.4,0,18,0.0,0.4,0,18,0.0,0.4,0,18,0.0,0.4,29,29,0.3,0.3,299,128,3.1,1.4,23,21,0.2,0.2,26,26,0.3,0.3,75,50,0.8,0.5,25,26,0.3,0.3,9590,1443,9590,(X),4417,990,46.1,4.6,3990,498,41.6,5.5,105,64,1.1,0.7,1403,386,14.6,3.3,0,18,0.0,0.4,66,54,0.7,0.6,9590,1443,9590,(X),442,139,4.6,1.1,160,140,1.7,1.3,50,39,0.5,0.4,87,53,0.9,0.6,145,95,1.5,1.1,9148,1351,95.4,1.1,3951,883,41.2,4.2,3673,495,38.3,5.2,33,37,0.3,0.4,1226,357,12.8,3.0,0,18,0.0,0.4,10,17,0.1,0.2,255,105,2.7,1.1,12,18,0.1,0.2,"243","104","2.5","1.1",2520,159,(X),(X)
8600000US30314,30314,ZCTA5 30314,21226,1082,21226,(X),10310,687,48.6,2.3,10916,771,51.4,2.3,675,131,3.2,0.6,803,234,3.8,1.1,964,219,4.5,1.0,3828,582,18.0,2.4,3794,535,17.9,2.4,2759,362,13.0,1.6,2081,323,9.8,1.5,2147,286,10.1,1.2,930,183,4.4,0.8,744,184,3.5,0.9,1288,195,6.1,0.9,853,168,4.0,0.8,360,95,1.7,0.4,27.0,2.3,(X),(X),18299,983,86.2,1.9,13636,780,64.2,2.5,2933,339,13.8,1.6,2501,307,11.8,1.5,18299,983,18299,(X),8762,668,47.9,2.5,9537,683,52.1,2.5,2501,307,2501,(X),979,179,39.1,5.3,1522,227,60.9,5.3,21226,1082,21226,(X),20880,1069,98.4,0.6,346,132,1.6,0.6,20880,1069,98.4,0.6,2282,413,10.8,2.0,17876,1118,84.2,2.2,45,40,0.2,0.2,11,20,0.1,0.1,0,24,0.0,0.2,0,24,0.0,0.2,0,24,0.0,0.2,538,170,2.5,0.8,249,134,1.2,0.6,169,94,0.8,0.4,0,24,0.0,0.2,9,19,0.0,0.1,75,43,0.4,0.2,0,24,0.0,0.2,36,38,0.2,0.2,0,24,0.0,0.2,0,24,0.0,0.2,0,24,0.0,0.2,0,24,0.0,0.2,0,24,0.0,0.2,139,85,0.7,0.4,346,132,1.6,0.6,58,35,0.3,0.2,31,46,0.1,0.2,25,29,0.1,0.1,66,65,0.3,0.3,21226,1082,21226,(X),2493,450,11.7,2.1,18098,1119,85.3,2.2,186,97,0.9,0.5,589,167,2.8,0.8,25,32,0.1,0.1,230,110,1.1,0.5,21226,1082,21226,(X),600,152,2.8,0.7,151,61,0.7,0.3,197,95,0.9,0.5,29,37,0.1,0.2,223,118,1.1,0.5,20626,1068,97.2,0.7,2059,418,9.7,2.0,17702,1106,83.4,2.2,45,40,0.2,0.2,538,170,2.5,0.8,0,24,0.0,0.2,42,43,0.2,0.2,240,89,1.1,0.4,7,14,0.0,0.1,"233","88","1.1","0.4",11040,291,(X),(X)
8600000US30315,30315,ZCTA5 30315,34159,1484,34159,(X),16815,907,49.2,1.7,17344,972,50.8,1.7,3134,413,9.2,1.1,2021,331,5.9,0.9,2116,378,6.2,1.0,2341,342,6.9,0.9,2917,447,8.5,1.2,5051,468,14.8,1.3,5274,442,15.4,1.3,4707,488,13.8,1.4,1751,287,5.1,0.8,1701,257,5.0,0.7,1729,230,5.1,0.7,874,147,2.6,0.4,543,146,1.6,0.4,34.1,1.1,(X),(X),25878,1028,75.8,1.7,23888,952,69.9,2.0,4120,342,12.1,1.0,3146,302,9.2,0.9,25878,1028,25878,(X),12801,779,49.5,2.0,13077,685,50.5,2.0,3146,302,3146,(X),1124,170,35.7,3.8,2022,216,64.3,3.8,34159,1484,34159,(X),33614,1476,98.4,0.6,545,209,1.6,0.6,33614,1476,98.4,0.6,4478,472,13.1,1.4,27244,1406,79.8,2.0,151,126,0.4,0.4,1,2,0.0,0.1,0,27,0.0,0.1,0,27,0.0,0.1,0,27,0.0,0.1,252,131,0.7,0.4,76,78,0.2,0.2,0,27,0.0,0.1,10,11,0.0,0.1,0,27,0.0,0.1,106,97,0.3,0.3,14,16,0.0,0.1,46,47,0.1,0.1,0,27,0.0,0.1,0,27,0.0,0.1,0,27,0.0,0.1,0,27,0.0,0.1,0,27,0.0,0.1,1489,561,4.4,1.6,545,209,1.6,0.6,113,83,0.3,0.2,29,45,0.1,0.1,24,29,0.1,0.1,61,45,0.2,0.1,34159,1484,34159,(X),4715,484,13.8,1.5,27662,1411,81.0,1.9,292,162,0.9,0.5,464,228,1.4,0.7,0,27,0.0,0.1,1648,562,4.8,1.6,34159,1484,34159,(X),2435,566,7.1,1.6,1691,576,5.0,1.7,167,98,0.5,0.3,36,37,0.1,0.1,541,228,1.6,0.7,31724,1461,92.9,1.6,3827,418,11.2,1.2,27055,1421,79.2,2.0,46,47,0.1,0.1,252,131,0.7,0.4,0,27,0.0,0.1,161,107,0.5,0.3,383,171,1.1,0.5,28,37,0.1,0.1,"355","174","1.0","0.5",15237,321,(X),(X)
8600000US30316,30316,ZCTA5 30316,31438,1392,31438,(X),15376,986,48.9,2.1,16062,905,51.1,2.1,2384,403,7.6,1.2,1318,264,4.2,0.8,962,256,3.1,0.8,1350,374,4.3,1.2,2572,409,8.2,1.2,6682,635,21.3,1.9,5444,495,17.3,1.5,4716,452,15.0,1.4,1911,375,6.1,1.1,1361,294,4.3,0.9,1771,225,5.6,0.7,817,192,2.6,0.6,150,56,0.5,0.2,35.7,1.0,(X),(X),25921,1201,82.5,1.7,24965,1141,79.4,1.8,3421,341,10.9,0.9,2738,289,8.7,0.9,25921,1201,25921,(X),12361,800,47.7,2.2,13560,857,52.3,2.2,2738,289,2738,(X),1211,248,44.2,6.1,1527,177,55.8,6.1,31438,1392,31438,(X),30800,1390,98.0,0.7,638,227,2.0,0.7,30800,1390,98.0,0.7,11231,940,35.7,2.8,18550,1354,59.0,3.0,11,15,0.0,0.1,0,27,0.0,0.1,0,27,0.0,0.1,0,27,0.0,0.1,5,9,0.0,0.1,449,152,1.4,0.5,26,36,0.1,0.1,50,45,0.2,0.1,97,112,0.3,0.4,24,40,0.1,0.1,133,131,0.4,0.4,31,35,0.1,0.1,88,89,0.3,0.3,9,20,0.0,0.1,9,20,0.0,0.1,0,27,0.0,0.1,0,27,0.0,0.1,0,27,0.0,0.1,550,259,1.7,0.8,638,227,2.0,0.7,144,109,0.5,0.3,107,96,0.3,0.3,47,38,0.1,0.1,55,55,0.2,0.2,31438,1392,31438,(X),11695,971,37.2,2.9,18941,1320,60.2,2.8,293,161,0.9,0.5,568,174,1.8,0.6,12,21,0.0,0.1,706,288,2.2,0.9,31438,1392,31438,(X),1772,623,5.6,1.9,958,523,3.0,1.6,245,143,0.8,0.5,67,46,0.2,0.1,502,198,1.6,0.6,29666,1344,94.4,1.9,10229,813,32.5,2.6,18406,1329,58.5,3.0,11,15,0.0,0.1,449,152,1.4,0.5,9,20,0.0,0.1,57,42,0.2,0.1,505,203,1.6,0.6,23,23,0.1,0.1,"482","201","1.5","0.6",15063,347,(X),(X)
8600000US30317,30317,ZCTA5 30317,12320,726,12320,(X),5819,425,47.2,2.1,6501,459,52.8,2.1,1039,276,8.4,2.0,618,189,5.0,1.4,516,163,4.2,1.3,466,142,3.8,1.1,725,192,5.9,1.4,2506,272,20.3,2.1,2592,310,21.0,2.2,1279,203,10.4,1.5,647,150,5.3,1.2,617,143,5.0,1.2,649,122,5.3,1.1,453,104,3.7,0.9,213,86,1.7,0.7,35.8,1.2,(X),(X),9904,525,80.4,2.9,9539,512,77.4,2.9,1643,171,13.3,1.7,1315,148,10.7,1.5,9904,525,9904,(X),4580,322,46.2,2.3,5324,378,53.8,2.3,1315,148,1315,(X),499,106,37.9,6.4,816,118,62.1,6.4,12320,726,12320,(X),12177,717,98.8,0.6,143,72,1.2,0.6,12177,717,98.8,0.6,5339,449,43.3,3.3,6581,628,53.4,3.4,15,25,0.1,0.2,15,25,0.1,0.2,0,20,0.0,0.3,0,20,0.0,0.3,0,20,0.0,0.3,143,88,1.2,0.7,11,16,0.1,0.1,50,54,0.4,0.4,42,33,0.3,0.3,0,20,0.0,0.3,18,28,0.1,0.2,0,20,0.0,0.3,22,19,0.2,0.2,0,20,0.0,0.3,0,20,0.0,0.3,0,20,0.0,0.3,0,20,0.0,0.3,0,20,0.0,0.3,99,69,0.8,0.6,143,72,1.2,0.6,0,20,0.0,0.3,16,19,0.1,0.2,96,62,0.8,0.5,0,20,0.0,0.3,12320,726,12320,(X),5482,458,44.5,3.3,6597,622,53.5,3.3,47,41,0.4,0.3,239,114,1.9,0.9,0,20,0.0,0.3,114,73,0.9,0.6,12320,726,12320,(X),430,236,3.5,1.9,80,52,0.6,0.4,183,188,1.5,1.5,26,27,0.2,0.2,141,113,1.1,0.9,11890,722,96.5,1.9,5114,432,41.5,3.3,6460,615,52.4,3.2,15,25,0.1,0.2,130,85,1.1,0.7,0,20,0.0,0.3,43,49,0.3,0.4,128,70,1.0,0.6,0,20,0.0,0.3,"128","70","1.0","0.6",6196,276,(X),(X)
8600000US30318,30318,ZCTA5 30318,51791,2095,51791,(X),27191,1453,52.5,1.7,24600,1276,47.5,1.7,3674,545,7.1,1.0,2803,361,5.4,0.7,1985,347,3.8,0.7,2925,401,5.6,0.7,8131,948,15.7,1.6,12099,749,23.4,1.2,6483,644,12.5,1.2,5287,742,10.2,1.3,1824,246,3.5,0.5,1920,340,3.7,0.7,2539,325,4.9,0.6,1619,253,3.1,0.5,502,130,1.0,0.3,29.8,0.8,(X),(X),42209,1864,81.5,1.5,38863,1819,75.0,1.6,5947,474,11.5,1.0,4660,426,9.0,0.8,42209,1864,42209,(X),22276,1347,52.8,1.8,19933,1071,47.2,1.8,4660,426,4660,(X),1845,252,39.6,3.9,2815,314,60.4,3.9,51791,2095,51791,(X),50675,2099,97.8,0.7,1116,337,2.2,0.7,50675,2099,97.8,0.7,18291,1148,35.3,2.0,28583,1801,55.2,2.4,16,17,0.0,0.1,10,13,0.0,0.1,0,30,0.0,0.1,0,30,0.0,0.1,0,30,0.0,0.1,3109,622,6.0,1.1,928,301,1.8,0.6,1109,331,2.1,0.6,127,116,0.2,0.2,18,18,0.0,0.1,521,193,1.0,0.4,58,56,0.1,0.1,348,189,0.7,0.4,30,37,0.1,0.1,30,37,0.1,0.1,0,30,0.0,0.1,0,30,0.0,0.1,0,30,0.0,0.1,646,508,1.2,1.0,1116,337,2.2,0.7,344,168,0.7,0.3,124,90,0.2,0.2,167,111,0.3,0.2,148,104,0.3,0.2,51791,2095,51791,(X),19192,1163,37.1,2.0,29337,1811,56.6,2.4,369,177,0.7,0.3,3399,625,6.6,1.1,87,71,0.2,0.1,729,517,1.4,1.0,51791,2095,51791,(X),3297,818,6.4,1.5,2075,679,4.0,1.3,632,431,1.2,0.8,124,102,0.2,0.2,466,151,0.9,0.3,48494,1955,93.6,1.5,16278,941,31.4,1.9,28130,1753,54.3,2.4,16,17,0.0,0.1,3109,622,6.0,1.1,30,37,0.1,0.1,0,30,0.0,0.1,931,317,1.8,0.6,28,27,0.1,0.1,"903","320","1.7","0.6",25646,458,(X),(X)
8600000US30319,30319,ZCTA5 30319,38121,1405,38121,(X),17892,983,46.9,1.7,20229,901,53.1,1.7,2634,360,6.9,0.8,1938,286,5.1,0.7,1041,242,2.7,0.6,1244,248,3.3,0.7,2352,358,6.2,0.9,8362,612,21.9,1.4,6424,524,16.9,1.2,4940,518,13.0,1.3,2162,326,5.7,0.8,1888,348,5.0,0.9,2413,300,6.3,0.8,1580,289,4.1,0.8,1143,218,3.0,0.6,37.0,1.0,(X),(X),31929,1112,83.8,1.4,30748,1193,80.7,1.5,6350,488,16.7,1.3,5136,385,13.5,1.1,31929,1112,31929,(X),15053,803,47.1,1.6,16876,694,52.9,1.6,5136,385,5136,(X),1920,245,37.4,3.8,3216,310,62.6,3.8,38121,1405,38121,(X),37483,1405,98.3,0.6,638,217,1.7,0.6,37483,1405,98.3,0.6,30725,1476,80.6,2.5,2882,529,7.6,1.4,28,39,0.1,0.1,28,39,0.1,0.1,0,27,0.0,0.1,0,27,0.0,0.1,0,27,0.0,0.1,2405,523,6.3,1.4,810,346,2.1,0.9,505,192,1.3,0.5,76,64,0.2,0.2,77,71,0.2,0.2,621,240,1.6,0.6,76,68,0.2,0.2,240,101,0.6,0.3,15,24,0.0,0.1,0,27,0.0,0.1,0,27,0.0,0.1,0,27,0.0,0.1,15,24,0.0,0.1,1428,556,3.7,1.4,638,217,1.7,0.6,130,118,0.3,0.3,60,57,0.2,0.1,320,151,0.8,0.4,0,27,0.0,0.1,38121,1405,38121,(X),31287,1475,82.1,2.4,3058,546,8.0,1.4,103,74,0.3,0.2,2828,549,7.4,1.4,15,24,0.0,0.1,1507,559,4.0,1.4,38121,1405,38121,(X),4745,883,12.4,2.2,3461,809,9.1,2.0,335,206,0.9,0.5,271,148,0.7,0.4,678,196,1.8,0.5,33376,1339,87.6,2.2,27426,1384,71.9,2.7,2810,524,7.4,1.4,28,39,0.1,0.1,2397,522,6.3,1.4,0,27,0.0,0.1,122,100,0.3,0.3,593,211,1.6,0.6,66,59,0.2,0.2,"527","215","1.4","0.6",19625,766,(X),(X)
8600000US30324,30324,ZCTA5 30324,27282,1379,27282,(X),14490,905,53.1,2.1,12792,896,46.9,2.1,1505,362,5.5,1.2,1229,290,4.5,1.0,1069,292,3.9,1.0,637,276,2.3,1.0,2130,370,7.8,1.3,8011,643,29.4,2.3,5118,633,18.8,1.9,2908,467,10.7,1.7,1505,245,5.5,1.0,1286,304,4.7,1.1,1270,274,4.7,1.0,414,144,1.5,0.5,200,103,0.7,0.4,33.6,1.0,(X),(X),23058,1077,84.5,2.0,22455,989,82.3,2.2,2713,399,9.9,1.4,1884,298,6.9,1.0,23058,1077,23058,(X),12575,768,54.5,2.2,10483,720,45.5,2.2,1884,298,1884,(X),708,183,37.6,7.2,1176,221,62.4,7.2,27282,1379,27282,(X),26049,1431,95.5,1.3,1233,347,4.5,1.3,26049,1431,95.5,1.3,18530,1358,67.9,3.5,4925,733,18.1,2.6,80,70,0.3,0.3,0,24,0.0,0.1,0,24,0.0,0.1,0,24,0.0,0.1,0,24,0.0,0.1,1922,504,7.0,1.8,349,138,1.3,0.5,291,138,1.1,0.5,201,196,0.7,0.7,0,24,0.0,0.1,365,250,1.3,0.9,468,340,1.7,1.2,248,223,0.9,0.8,0,24,0.0,0.1,0,24,0.0,0.1,0,24,0.0,0.1,0,24,0.0,0.1,0,24,0.0,0.1,592,346,2.2,1.3,1233,347,4.5,1.3,269,152,1.0,0.6,239,190,0.9,0.7,231,151,0.8,0.6,45,53,0.2,0.2,27282,1379,27282,(X),19466,1301,71.4,3.3,5359,781,19.6,2.8,430,197,1.6,0.7,2323,511,8.5,1.8,26,31,0.1,0.1,945,437,3.5,1.6,27282,1379,27282,(X),4429,921,16.2,3.0,3214,853,11.8,2.9,477,203,1.7,0.7,106,90,0.4,0.3,632,299,2.3,1.1,22853,1212,83.8,3.0,15025,1003,55.1,3.2,4852,721,17.8,2.5,63,66,0.2,0.2,1922,504,7.0,1.8,0,24,0.0,0.1,124,88,0.5,0.3,867,274,3.2,1.0,109,114,0.4,0.4,"758","265","2.8","1.0",15897,440,(X),(X)
8600000US30326,30326,ZCTA5 30326,5895,1143,5895,(X),3061,739,51.9,7.7,2834,711,48.1,7.7,87,66,1.5,1.1,190,157,3.2,2.4,426,214,7.2,2.9,263,188,4.5,2.8,457,273,7.8,4.2,1655,455,28.1,7.1,1146,402,19.4,4.9,615,239,10.4,4.0,314,173,5.3,2.6,202,112,3.4,2.1,302,127,5.1,2.3,161,93,2.7,1.7,77,77,1.3,1.3,34.4,1.6,(X),(X),4962,851,84.2,5.9,4777,744,81.0,6.2,584,166,9.9,3.2,540,163,9.2,3.1,4962,851,4962,(X),2510,543,50.6,8.4,2452,631,49.4,8.4,540,163,540,(X),138,67,25.6,10.5,402,138,74.4,10.5,5895,1143,5895,(X),5691,1148,96.5,3.5,204,199,3.5,3.5,5691,1148,96.5,3.5,4191,976,71.1,10.1,607,390,10.3,5.9,25,40,0.4,0.7,0,18,0.0,0.6,0,18,0.0,0.6,0,18,0.0,0.6,0,18,0.0,0.6,839,392,14.2,5.9,284,231,4.8,3.9,105,149,1.8,2.5,0,18,0.0,0.6,41,38,0.7,0.7,255,289,4.3,4.6,8,14,0.1,0.3,146,98,2.5,1.7,29,41,0.5,0.7,0,18,0.0,0.6,0,18,0.0,0.6,0,18,0.0,0.6,29,41,0.5,0.7,0,18,0.0,0.6,204,199,3.5,3.5,166,195,2.8,3.4,23,38,0.4,0.7,0,18,0.0,0.6,0,18,0.0,0.6,5895,1143,5895,(X),4380,969,74.3,9.7,773,437,13.1,6.7,48,55,0.8,1.0,854,394,14.5,6.0,29,41,0.5,0.7,15,23,0.3,0.4,5895,1143,5895,(X),978,776,16.6,11.5,801,758,13.6,11.5,113,131,1.9,2.2,27,29,0.5,0.5,37,47,0.6,0.8,4917,845,83.4,11.5,3251,567,55.1,11.1,594,390,10.1,5.9,25,40,0.4,0.7,839,392,14.2,5.9,29,41,0.5,0.7,0,18,0.0,0.6,179,194,3.0,3.4,15,23,0.3,0.4,"164","193","2.8","3.3",4055,301,(X),(X)
8600000US30327,30327,ZCTA5 30327,23036,876,23036,(X),11135,497,48.3,1.7,11901,676,51.7,1.7,994,206,4.3,0.9,1767,303,7.7,1.2,1779,288,7.7,1.2,1443,270,6.3,1.1,958,238,4.2,1.0,1795,311,7.8,1.3,2984,348,13.0,1.5,4225,392,18.3,1.7,1690,248,7.3,1.1,1400,239,6.1,1.0,2232,300,9.7,1.3,1223,235,5.3,1.0,546,138,2.4,0.6,44.4,1.5,(X),(X),17408,676,75.6,1.5,16936,637,73.5,1.5,4779,385,20.7,1.6,4001,304,17.4,1.3,17408,676,17408,(X),8319,418,47.8,1.8,9089,512,52.2,1.8,4001,304,4001,(X),1835,204,45.9,3.7,2166,221,54.1,3.7,23036,876,23036,(X),22826,901,99.1,0.8,210,179,0.9,0.8,22826,901,99.1,0.8,20679,894,89.8,2.2,1136,392,4.9,1.7,18,30,0.1,0.1,18,30,0.1,0.1,0,24,0.0,0.2,0,24,0.0,0.2,0,24,0.0,0.2,803,298,3.5,1.3,114,152,0.5,0.7,230,132,1.0,0.6,25,29,0.1,0.1,42,59,0.2,0.3,236,163,1.0,0.7,93,124,0.4,0.5,63,53,0.3,0.2,5,10,0.0,0.1,0,24,0.0,0.2,5,10,0.0,0.1,0,24,0.0,0.2,0,24,0.0,0.2,185,134,0.8,0.6,210,179,0.9,0.8,0,24,0.0,0.2,43,69,0.2,0.3,29,35,0.1,0.2,11,17,0.0,0.1,23036,876,23036,(X),20815,889,90.4,2.2,1207,398,5.2,1.7,132,125,0.6,0.5,895,323,3.9,1.4,9,14,0.0,0.1,248,186,1.1,0.8,23036,876,23036,(X),767,275,3.3,1.2,240,175,1.0,0.8,55,55,0.2,0.2,227,174,1.0,0.7,245,135,1.1,0.6,22269,884,96.7,1.2,20072,866,87.1,2.3,1111,384,4.8,1.6,18,30,0.1,0.1,803,298,3.5,1.3,5,10,0.0,0.1,113,102,0.5,0.4,147,129,0.6,0.6,0,24,0.0,0.2,"147","129","0.6","0.6",10257,284,(X),(X)
8600000US30331,30331,ZCTA5 30331,59633,2550,59633,(X),27488,1619,46.1,1.7,32145,1643,53.9,1.7,3494,615,5.9,0.9,4026,654,6.8,1.0,4699,571,7.9,0.9,4231,553,7.1,0.9,4877,998,8.2,1.5,8962,879,15.0,1.4,8248,918,13.8,1.4,7423,752,12.4,1.2,3124,455,5.2,0.8,3461,490,5.8,0.8,4340,356,7.3,0.6,1967,300,3.3,0.5,781,198,1.3,0.3,34.6,0.9,(X),(X),44912,1947,75.3,1.8,41989,1669,70.4,1.7,9177,478,15.4,0.9,7088,396,11.9,0.7,44912,1947,44912,(X),19827,1226,44.1,1.8,25085,1287,55.9,1.8,7088,396,7088,(X),2668,297,37.6,3.4,4420,320,62.4,3.4,59633,2550,59633,(X),59164,2565,99.2,0.4,469,208,0.8,0.4,59164,2565,99.2,0.4,1544,455,2.6,0.7,56746,2453,95.2,1.1,50,44,0.1,0.1,12,19,0.0,0.1,0,30,0.0,0.1,0,30,0.0,0.1,0,30,0.0,0.1,199,225,0.3,0.4,53,61,0.1,0.1,0,30,0.0,0.1,0,30,0.0,0.1,0,30,0.0,0.1,122,209,0.2,0.4,0,30,0.0,0.1,24,40,0.0,0.1,8,18,0.0,0.1,6,14,0.0,0.1,0,30,0.0,0.1,0,30,0.0,0.1,2,4,0.0,0.1,617,468,1.0,0.8,469,208,0.8,0.4,25,42,0.0,0.1,46,74,0.1,0.1,0,30,0.0,0.1,173,117,0.3,0.2,59633,2550,59633,(X),1727,498,2.9,0.8,57085,2462,95.7,1.1,299,147,0.5,0.2,293,228,0.5,0.4,16,23,0.0,0.1,748,480,1.3,0.8,59633,2550,59633,(X),1704,588,2.9,1.0,1140,531,1.9,0.9,153,101,0.3,0.2,8,12,0.0,0.1,403,273,0.7,0.5,57929,2494,97.1,1.0,728,216,1.2,0.4,56613,2461,94.9,1.1,50,44,0.1,0.1,169,220,0.3,0.4,8,18,0.0,0.1,37,60,0.1,0.1,324,155,0.5,0.3,0,30,0.0,0.1,"324","155","0.5","0.3",26448,618,(X),(X)
8600000US30332,30332,ZCTA5 30332,3100,413,3100,(X),1844,282,59.5,4.5,1256,220,40.5,4.5,0,13,0.0,1.2,0,13,0.0,1.2,0,13,0.0,1.2,1552,316,50.1,8.4,1501,363,48.4,8.8,42,35,1.4,1.2,5,12,0.2,0.4,0,13,0.0,1.2,0,13,0.0,1.2,0,13,0.0,1.2,0,13,0.0,1.2,0,13,0.0,1.2,0,13,0.0,1.2,20.0,0.3,(X),(X),3078,408,99.3,0.7,869,212,28.0,5.8,0,13,0.0,1.2,0,13,0.0,1.2,3078,408,3078,(X),1828,282,59.4,4.6,1250,218,40.6,4.6,0,13,0,(X),0,13,-,**,0,13,-,**,3100,413,3100,(X),2944,394,95.0,2.2,156,74,5.0,2.2,2944,394,95.0,2.2,1844,374,59.5,6.5,459,132,14.8,5.1,13,19,0.4,0.6,0,13,0.0,1.2,0,13,0.0,1.2,0,13,0.0,1.2,0,13,0.0,1.2,621,142,20.0,3.8,237,115,7.6,3.2,167,57,5.4,2.0,6,13,0.2,0.4,25,18,0.8,0.6,138,55,4.5,1.9,16,23,0.5,0.7,32,29,1.0,0.9,0,13,0.0,1.2,0,13,0.0,1.2,0,13,0.0,1.2,0,13,0.0,1.2,0,13,0.0,1.2,7,15,0.2,0.5,156,74,5.0,2.2,21,26,0.7,0.8,14,20,0.5,0.6,73,43,2.4,1.4,0,13,0.0,1.2,3100,413,3100,(X),1962,389,63.3,6.3,493,132,15.9,5.1,55,35,1.8,1.1,724,166,23.4,4.4,5,11,0.2,0.4,25,25,0.8,0.8,3100,413,3100,(X),203,72,6.5,2.1,75,42,2.4,1.3,32,31,1.0,1.0,0,13,0.0,1.2,96,49,3.1,1.6,2897,387,93.5,2.1,1690,348,54.5,6.3,444,130,14.3,5.0,6,13,0.2,0.4,612,141,19.7,3.8,0,13,0.0,1.2,7,15,0.2,0.5,138,68,4.5,2.0,0,13,0.0,1.2,"138","68","4.5","2.0",0,13,(X),(X)
8600000US30334,30334,ZCTA5 30334,0,13,0,(X),0,13,-,**,0,13,-,**,0,13,-,**,0,13,-,**,0,13,-,**,0,13,-,**,0,13,-,**,0,13,-,**,0,13,-,**,0,13,-,**,0,13,-,**,0,13,-,**,0,13,-,**,0,13,-,**,0,13,-,**,-,**,(X),(X),0,13,-,**,0,13,-,**,0,13,-,**,0,13,-,**,0,13,0,(X),0,13,-,**,0,13,-,**,0,13,0,(X),0,13,-,**,0,13,-,**,0,13,0,(X),0,13,-,**,0,13,-,**,0,13,-,**,0,13,-,**,0,13,-,**,0,13,-,**,0,13,-,**,0,13,-,**,0,13,-,**,0,13,-,**,0,13,-,**,0,13,-,**,0,13,-,**,0,13,-,**,0,13,-,**,0,13,-,**,0,13,-,**,0,13,-,**,0,13,-,**,0,13,-,**,0,13,-,**,0,13,-,**,0,13,-,**,0,13,-,**,0,13,-,**,0,13,-,**,0,13,-,**,0,13,-,**,0,13,-,**,0,13,0,(X),0,13,-,**,0,13,-,**,0,13,-,**,0,13,-,**,0,13,-,**,0,13,-,**,0,13,0,(X),0,13,-,**,0,13,-,**,0,13,-,**,0,13,-,**,0,13,-,**,0,13,-,**,0,13,-,**,0,13,-,**,0,13,-,**,0,13,-,**,0,13,-,**,0,13,-,**,0,13,-,**,0,13,-,**,"0","13","-","**",0,13,(X),(X)
8600000US30336,30336,ZCTA5 30336,628,290,628,(X),393,156,62.6,12.2,235,160,37.4,12.2,5,9,0.8,1.4,73,78,11.6,9.9,30,38,4.8,5.3,86,76,13.7,8.4,49,67,7.8,10.3,159,87,25.3,15.7,131,94,20.9,9.7,61,46,9.7,7.7,16,11,2.5,1.8,14,16,2.2,2.4,4,6,0.6,1.0,0,13,0.0,5.8,0,13,0.0,5.8,29.0,0.8,(X),(X),437,173,69.6,15.3,434,173,69.1,15.4,18,21,2.9,3.0,4,6,0.6,1.0,437,173,437,(X),285,117,65.2,13.7,152,91,34.8,13.7,4,6,4,(X),4,6,100.0,100.0,0,13,0.0,100.0,628,290,628,(X),587,256,93.5,7.3,41,55,6.5,7.3,587,256,93.5,7.3,42,24,6.7,4.8,537,254,85.5,7.4,5,9,0.8,1.6,0,13,0.0,5.8,0,13,0.0,5.8,0,13,0.0,5.8,0,13,0.0,5.8,3,6,0.5,1.0,0,13,0.0,5.8,0,13,0.0,5.8,0,13,0.0,5.8,0,13,0.0,5.8,0,13,0.0,5.8,3,6,0.5,1.0,0,13,0.0,5.8,0,13,0.0,5.8,0,13,0.0,5.8,0,13,0.0,5.8,0,13,0.0,5.8,0,13,0.0,5.8,0,13,0.0,5.8,41,55,6.5,7.3,37,52,5.9,7.0,0,13,0.0,5.8,0,13,0.0,5.8,0,13,0.0,5.8,628,290,628,(X),83,59,13.2,7.4,578,288,92.0,4.9,5,9,0.8,1.6,7,12,1.1,1.9,0,13,0.0,5.8,0,13,0.0,5.8,628,290,628,(X),16,14,2.5,2.7,9,11,1.4,1.9,0,13,0.0,5.8,3,6,0.5,1.0,4,7,0.6,1.3,612,292,97.5,2.7,32,20,5.1,3.5,531,252,84.6,7.9,5,9,0.8,1.6,3,6,0.5,1.0,0,13,0.0,5.8,0,13,0.0,5.8,41,55,6.5,7.3,0,13,0.0,5.8,"41","55","6.5","7.3",246,125,(X),(X)
8600000US30342,30342,ZCTA5 30342,30844,1244,30844,(X),15320,915,49.7,2.1,15524,895,50.3,2.1,2431,462,7.9,1.4,2472,498,8.0,1.5,1782,373,5.8,1.1,1854,363,6.0,1.2,1937,349,6.3,1.1,5603,669,18.2,2.1,6010,793,19.5,2.4,3996,505,13.0,1.7,1209,280,3.9,0.9,1329,362,4.3,1.2,1259,264,4.1,0.9,589,158,1.9,0.5,373,134,1.2,0.4,33.3,1.6,(X),(X),22930,844,74.3,2.2,22101,812,71.7,2.2,3120,393,10.1,1.3,2221,288,7.2,1.0,22930,844,22930,(X),11695,792,51.0,2.3,11235,533,49.0,2.3,2221,288,2221,(X),926,166,41.7,5.3,1295,207,58.3,5.3,30844,1244,30844,(X),29652,1281,96.1,1.5,1192,472,3.9,1.5,29652,1281,96.1,1.5,24770,1420,80.3,2.7,2891,567,9.4,1.9,30,51,0.1,0.2,0,27,0.0,0.1,0,27,0.0,0.1,0,27,0.0,0.1,0,27,0.0,0.1,1404,477,4.6,1.5,583,347,1.9,1.1,303,183,1.0,0.6,19,26,0.1,0.1,43,53,0.1,0.2,175,126,0.6,0.4,0,27,0.0,0.1,281,285,0.9,0.9,7,12,0.0,0.1,0,27,0.0,0.1,7,12,0.0,0.1,0,27,0.0,0.1,0,27,0.0,0.1,550,326,1.8,1.1,1192,472,3.9,1.5,246,207,0.8,0.7,17,136,0.1,0.4,577,464,1.9,1.5,12,19,0.0,0.1,30844,1244,30844,(X),25717,1441,83.4,2.5,3415,615,11.1,2.1,129,185,0.4,0.6,2097,675,6.8,2.1,7,12,0.0,0.1,741,394,2.4,1.3,30844,1244,30844,(X),7191,1202,23.3,3.6,5825,1178,18.9,3.6,225,177,0.7,0.6,66,61,0.2,0.2,1075,755,3.5,2.4,23653,1323,76.7,3.6,19017,1282,61.7,3.6,2574,520,8.3,1.7,30,51,0.1,0.2,1404,477,4.6,1.5,7,12,0.0,0.1,35,58,0.1,0.2,586,245,1.9,0.8,84,89,0.3,0.3,"502","234","1.6","0.8",13853,471,(X),(X)
8600000US30344,30344,ZCTA5 30344,32963,608,32963,(X),15839,808,48.1,2.2,17124,736,51.9,2.2,2379,358,7.2,1.1,2395,379,7.3,1.1,1888,294,5.7,0.9,2412,319,7.3,1.0,2743,525,8.3,1.6,4602,574,14.0,1.7,4614,481,14.0,1.5,4672,555,14.2,1.7,1801,315,5.5,0.9,2135,332,6.5,1.0,2024,236,6.1,0.7,815,193,2.5,0.6,483,143,1.5,0.4,35.2,2.0,(X),(X),25245,770,76.6,1.9,23309,811,70.7,2.0,4466,437,13.5,1.3,3322,342,10.1,1.0,25245,770,25245,(X),12080,739,47.9,2.2,13165,616,52.1,2.2,3322,342,3322,(X),1443,222,43.4,5.1,1879,258,56.6,5.1,32963,608,32963,(X),32452,666,98.4,0.8,511,247,1.6,0.8,32452,666,98.4,0.8,5322,714,16.1,2.1,24599,1014,74.6,2.7,158,228,0.5,0.7,8,16,0.0,0.1,0,27,0.0,0.1,0,27,0.0,0.1,0,27,0.0,0.1,413,257,1.3,0.8,3,6,0.0,0.1,128,179,0.4,0.5,0,27,0.0,0.1,0,27,0.0,0.1,69,93,0.2,0.3,67,80,0.2,0.2,146,165,0.4,0.5,0,27,0.0,0.1,0,27,0.0,0.1,0,27,0.0,0.1,0,27,0.0,0.1,0,27,0.0,0.1,1960,791,5.9,2.4,511,247,1.6,0.8,84,69,0.3,0.2,52,53,0.2,0.2,0,27,0.0,0.1,54,46,0.2,0.1,32963,608,32963,(X),5506,718,16.7,2.1,24858,1026,75.4,2.7,452,310,1.4,0.9,462,265,1.4,0.8,23,35,0.1,0.1,2232,797,6.8,2.4,32963,608,32963,(X),4322,827,13.1,2.5,3741,826,11.3,2.5,317,246,1.0,0.7,72,56,0.2,0.2,192,124,0.6,0.4,28641,968,86.9,2.5,3963,482,12.0,1.5,24027,976,72.9,2.6,8,16,0.0,0.1,413,257,1.3,0.8,0,27,0.0,0.1,31,37,0.1,0.1,199,92,0.6,0.3,1,2,0.0,0.1,"198","92","0.6","0.3",15785,655,(X),(X)
8600000US30354,30354,ZCTA5 30354,16580,895,16580,(X),7768,604,46.9,2.7,8812,674,53.1,2.7,1486,362,9.0,2.0,1359,283,8.2,1.6,1066,255,6.4,1.5,1226,255,7.4,1.5,1078,323,6.5,1.9,2721,482,16.4,2.6,2191,416,13.2,2.5,2475,486,14.9,2.9,885,219,5.3,1.3,784,183,4.7,1.1,1021,168,6.2,1.0,178,81,1.1,0.5,110,89,0.7,0.5,32.4,1.8,(X),(X),11938,691,72.0,2.6,11157,663,67.3,2.7,1849,243,11.2,1.6,1309,188,7.9,1.2,11938,691,11938,(X),5816,530,48.7,3.2,6122,503,51.3,3.2,1309,188,1309,(X),595,127,45.5,7.6,714,147,54.5,7.6,16580,895,16580,(X),16324,897,98.5,1.0,256,172,1.5,1.0,16324,897,98.5,1.0,3093,782,18.7,4.8,12025,1045,72.5,3.8,0,20,0.0,0.2,0,20,0.0,0.2,0,20,0.0,0.2,0,20,0.0,0.2,0,20,0.0,0.2,229,195,1.4,1.2,0,20,0.0,0.2,0,20,0.0,0.2,0,20,0.0,0.2,0,20,0.0,0.2,25,41,0.2,0.2,107,117,0.6,0.7,97,136,0.6,0.8,0,20,0.0,0.2,0,20,0.0,0.2,0,20,0.0,0.2,0,20,0.0,0.2,0,20,0.0,0.2,977,638,5.9,3.9,256,172,1.5,1.0,127,116,0.8,0.7,55,65,0.3,0.4,0,20,0.0,0.2,56,92,0.3,0.6,16580,895,16580,(X),3275,769,19.8,4.7,12215,1041,73.7,3.7,122,115,0.7,0.7,229,195,1.4,1.2,0,20,0.0,0.2,995,639,6.0,3.9,16580,895,16580,(X),1994,663,12.0,4.0,1960,669,11.8,4.1,34,40,0.2,0.2,0,20,0.0,0.2,0,20,0.0,0.2,14586,1099,88.0,4.0,2161,397,13.0,2.5,11951,1048,72.1,3.8,0,20,0.0,0.2,229,195,1.4,1.2,0,20,0.0,0.2,0,20,0.0,0.2,245,172,1.5,1.0,7,11,0.0,0.1,"238","171","1.4","1.0",7342,307,(X),(X)
8600000US30363,30363,ZCTA5 30363,3229,661,3229,(X),1724,375,53.4,7.8,1505,452,46.6,7.8,31,36,1.0,1.1,34,40,1.1,1.2,37,44,1.1,1.3,110,72,3.4,2.3,906,352,28.1,9.0,1083,363,33.5,8.9,515,280,15.9,8.3,336,184,10.4,5.1,83,84,2.6,2.6,63,67,2.0,2.1,31,40,1.0,1.2,0,13,0.0,1.2,0,13,0.0,1.2,29.0,2.8,(X),(X),3060,629,94.8,3.4,2972,640,92.0,4.2,62,81,1.9,2.4,31,40,1.0,1.2,3060,629,3060,(X),1571,348,51.3,8.0,1489,443,48.7,8.0,31,40,31,(X),11,24,35.5,63.9,20,32,64.5,63.9,3229,661,3229,(X),3011,623,93.2,7.3,218,242,6.8,7.3,3011,623,93.2,7.3,1340,357,41.5,11.0,1229,436,38.1,9.2,0,13,0.0,1.2,0,13,0.0,1.2,0,13,0.0,1.2,0,13,0.0,1.2,0,13,0.0,1.2,429,189,13.3,4.8,135,101,4.2,3.2,93,99,2.9,2.9,143,153,4.4,4.5,0,13,0.0,1.2,52,59,1.6,1.7,6,15,0.2,0.5,0,13,0.0,1.2,0,13,0.0,1.2,0,13,0.0,1.2,0,13,0.0,1.2,0,13,0.0,1.2,0,13,0.0,1.2,13,22,0.4,0.7,218,242,6.8,7.3,12,19,0.4,0.6,162,249,5.0,7.6,44,51,1.4,1.6,0,13,0.0,1.2,3229,661,3229,(X),1558,337,48.3,8.3,1241,437,38.4,9.2,162,249,5.0,7.6,473,199,14.6,5.2,0,13,0.0,1.2,13,22,0.4,0.7,3229,661,3229,(X),376,229,11.6,6.9,204,230,6.3,6.9,43,39,1.3,1.2,0,13,0.0,1.2,129,132,4.0,4.2,2853,640,88.4,6.9,1139,313,35.3,8.7,1229,436,38.1,9.2,0,13,0.0,1.2,429,189,13.3,4.8,0,13,0.0,1.2,0,13,0.0,1.2,56,55,1.7,1.7,0,13,0.0,1.2,"56","55","1.7","1.7",2685,299,(X),(X)
